id,title,description,published_At,tags,category_id,default_language,default_audio_language,thumbnail_default,thumbnail_high,duration,view_count,like_count,comment_count,privacy_status,channel_id,channel_title,channel_description,channel_country,channel_thumbnail,channel_subscription,channel_video_count
aTUiGWJinX0,Dark Skin & Getting Married | Stand Up Comedy by Saikiran,"""These are some my of thoughts. If they make you laugh, please share and subscribe as I have more such jokes. "" 

DISCLAIMER : This video is for entertainment purposes only and not intended to cause any offence to any individual, community or legal entity.

Written & Performed by Saikiran - A Comedian from Hyderabad known for his Clean Comedy. He writes and performs comedy in English & Telugu.


For Enquiries & Live Show Tickets 
Contact on
https://www.facebook.com/JestSaikiran/
https://www.instagram.com/jestsaikiran/

Venue Courtesy: The Habitat, Mumbai
Directed by Anuj Mehta
Edited by Anuj Mehta & Ishaan Doshi
Shot by Anuj Mehta, Santosh Kardak and The Habitat Videography Team: Dishang Popat, Vivian Castelino, Harsh Shah & Vriddhi Sawlani 
Sound Recording by The Habitat Audio Team: Sreejith Menon, Swarada Bodas, Seigen Moopanar  
Sound Mixing & Mastering by Varun Patil
Special Thanks to Aakash Mehta & Counter Culture and Funny Side Up

#CleanComedy #Hyderabad #PureVegJokes",2019-02-11T10:17:36Z,"#StandupComedy,#CleanComedy,#TeluguComedy,#Telugu,#saikiran,#CorporateComedian,#TeluguStandupComedy,#SouthIndianComedy,#TamilStandupComedy,#IndianEnglishComedy,#HyderabadStandupComedian",23,en,en,https://i.ytimg.com/vi/aTUiGWJinX0/default.jpg,https://i.ytimg.com/vi/aTUiGWJinX0/hqdefault.jpg,PT10M33S,21709374,792439,22729,public,UC-VPf3yXgkbjH6PFKQBblYg,Saikiran,"I am a Standup Comedian and these are videos of jokes which I thought were funny when I wrote them. If you also find them funny please like, share and subscribe.",IN,https://yt3.ggpht.com/ytc/AIdro_nHz3cj76WlTIXGexBbg_Rq0ABuadXqUgqdkCxR3_NauA=s800-c-k-c0x00ffffff-no-rj,478000,97
-J8sqiu1-kE,Roast of YouTube Creator Award | Saikiran | Vlog,"Tickets for Live Zoom Show http://bit.ly/zoomrnj4
For live shows and videos follow me on Instagram http://www.instagram.com/jestsaikiran 

Thank you for subscribing to my channel, got the YouTube Creator Award with just video. Appreciate your support.

Entire year have been touring India with my show Pure Veg Jokes, just few more cities left. Hope to  release the entire show soon, if the recording comes out right.

Note: This video Optimized for Mobile Viewing.

#Saikiran #Roast #SilverPlayButton",2019-12-23T07:16:08Z,"#IndianEnglish,#verticalvideo,#creatoraward,#indianstandupomedy,#youtubeaward,#vlog,#cleancomedy,#roast,#awardroast,#roastcomedy",23,en,te,https://i.ytimg.com/vi/-J8sqiu1-kE/default.jpg,https://i.ytimg.com/vi/-J8sqiu1-kE/hqdefault.jpg,PT5M9S,771013,36117,1150,public,UC-VPf3yXgkbjH6PFKQBblYg,Saikiran,"I am a Standup Comedian and these are videos of jokes which I thought were funny when I wrote them. If you also find them funny please like, share and subscribe.",IN,https://yt3.ggpht.com/ytc/AIdro_nHz3cj76WlTIXGexBbg_Rq0ABuadXqUgqdkCxR3_NauA=s800-c-k-c0x00ffffff-no-rj,478000,97
RdBs-2wUGsw,WordRoast of Soulmate | Sit Down Comedy by Saikiran,"A weekly comedy video series analyzing Words
The word for this episode is Soulmate
If you have any interesting words that deserve a video, do drop them in the comments.

Tickets for Saikiran - Rolling New Jokes (Stand Up Comedy Live on Zoom) - http://bit.ly/zoomrnj4
Follow me on Instagram for updates http://www.instagram.com/jestsaikiran


#Saikiran #Mlog #VegRoast",2020-12-23T06:39:14Z,"vocabulary,indianmatchmaking,indianmarriage,indianenglish,indiancomedy,sitdowncomedy,cleancomedy,valentinesday,sai kiran,relationships",23,en,en-IN,https://i.ytimg.com/vi/RdBs-2wUGsw/default.jpg,https://i.ytimg.com/vi/RdBs-2wUGsw/hqdefault.jpg,PT5M32S,247196,16364,875,public,UC-VPf3yXgkbjH6PFKQBblYg,Saikiran,"I am a Standup Comedian and these are videos of jokes which I thought were funny when I wrote them. If you also find them funny please like, share and subscribe.",IN,https://yt3.ggpht.com/ytc/AIdro_nHz3cj76WlTIXGexBbg_Rq0ABuadXqUgqdkCxR3_NauA=s800-c-k-c0x00ffffff-no-rj,478000,97
yk7xxKBE_Uk,WordRoast of Fudgel | Sit Down Comedy by Saikiran,"A weekly comedy video series analyzing Words
The word for this episode is Fudgel
If you have any interesting words that deserve a video, do drop them in the comments.

Tickets for Saikiran - Rolling New Jokes (Stand Up Comedy Live on Zoom) - http://bit.ly/zoomrnj4
Follow me on Instagram for updates http://www.instagram.com/jestsaikiran

#Saikiran #Mlog #VegRoast",2020-12-30T06:13:21Z,"vocabulary,hrmanager,corporatecomedy,officehumour,sai kiran,indianenglish,indiancomedy,standupcomedy,sitdowncomedy,cleancomedy",23,en,en-IN,https://i.ytimg.com/vi/yk7xxKBE_Uk/default.jpg,https://i.ytimg.com/vi/yk7xxKBE_Uk/hqdefault.jpg,PT4M21S,76396,5464,282,public,UC-VPf3yXgkbjH6PFKQBblYg,Saikiran,"I am a Standup Comedian and these are videos of jokes which I thought were funny when I wrote them. If you also find them funny please like, share and subscribe.",IN,https://yt3.ggpht.com/ytc/AIdro_nHz3cj76WlTIXGexBbg_Rq0ABuadXqUgqdkCxR3_NauA=s800-c-k-c0x00ffffff-no-rj,478000,97
GazttshOwBE,WordRoast of OMBRIFUGE | Sit Down Comedy by Saikiran,"A weekly comedy video series analyzing Words with satire.
The word for this episode is Ombrifuge which means something that provides shelter from rain.
If you have any interesting words that deserve a video, do drop them in the comments.

Tickets for Saikiran - Rolling New Jokes (Stand Up Comedy Live on Zoom) - http://bit.ly/zoomrnj4
Follow me on Instagram for updates http://www.instagram.com/jestsaikiran

#Saikiran #Mlog #VegRoast",2021-01-06T05:49:11Z,"vocabulary,shashi tharoor,indian comedy,standup comedy,indian english,sai kiran,clean comedy,english comedy in india,fun way to learn vocabulary,sai karan,learning english words with meaning,easy way to learn english,what to do in rainy days",23,en,en-IN,https://i.ytimg.com/vi/GazttshOwBE/default.jpg,https://i.ytimg.com/vi/GazttshOwBE/hqdefault.jpg,PT5M32S,53292,3942,182,public,UC-VPf3yXgkbjH6PFKQBblYg,Saikiran,"I am a Standup Comedian and these are videos of jokes which I thought were funny when I wrote them. If you also find them funny please like, share and subscribe.",IN,https://yt3.ggpht.com/ytc/AIdro_nHz3cj76WlTIXGexBbg_Rq0ABuadXqUgqdkCxR3_NauA=s800-c-k-c0x00ffffff-no-rj,478000,97
xtaYPEKuBfM,Why the world needs Bad Actors | Word Roast of Cabotin | Sit Down Comedy by Saikiran,"Word Roast weekly comedy video series analyzing Vocabulary with satire.
The word for this episode is Cabotin which means a Bad Actor. 
Do watch this video, If you ever saw bad acting in a movie and wondered why does this exist, this video will explain why the world needs Bad Actors. Celebrate the Cabotin while they last. 
If you have any interesting words that deserve a video, do drop them in the comments.

Click for tickets to Saikiran Live on Zoom exclusively for US & Canada - http://bit.ly/liveonzoom
Follow me on Instagram for updates http://www.instagram.com/jestsaikiran

#Saikiran #CleanComedy #VegRoast",2021-01-13T05:59:58Z,"so bad its good,indian comedy,bad acting reaction,worst actor to work with,worst actor to watch,shashi tharoor english vocabulary,indian english accent funny,south indian english accent,improving vocabulary in english,indian satire video,bollywood worst acting,stand up comedy without abuse,stand up comedy without cursing,sit down comedy video,standÂ upÂ comedyÂ withoutÂ audience,indian english comedy,indian english comedy shows,deadpan comedy,deadpan humor",23,en,en-IN,https://i.ytimg.com/vi/xtaYPEKuBfM/default.jpg,https://i.ytimg.com/vi/xtaYPEKuBfM/hqdefault.jpg,PT5M7S,70095,4205,218,public,UC-VPf3yXgkbjH6PFKQBblYg,Saikiran,"I am a Standup Comedian and these are videos of jokes which I thought were funny when I wrote them. If you also find them funny please like, share and subscribe.",IN,https://yt3.ggpht.com/ytc/AIdro_nHz3cj76WlTIXGexBbg_Rq0ABuadXqUgqdkCxR3_NauA=s800-c-k-c0x00ffffff-no-rj,478000,97
-sIfG3hUNxQ,Reading Books in Bed | Word Roast of Librocubicularist | Sit Down Comedy by Saikiran,"Word Roast is a weekly sit down comedy video series analyzing Vocabulary with satire by Saikiran.
The word for this episode is Librocubicularist which means a person who reads books in bed.
Watch the video to understand this very modern phenomenon of reading a book in bed and how it took centuries of civilization to give us this great pleasure.

Tickets for Saikiran - Rolling New Jokes (Stand Up Comedy Live on Zoom) - http://bit.ly/zoomrnj4
Follow me on Instagram for short videos http://www.instagram.com/jestsaikiran

#Saikiran #CleanComedy #Vocabulary",2021-01-20T06:06:44Z,"reading books,stand up comedy indian english,learning english words with meaning,sit down comedy,reading in bed,sai kiran stand up comedy,indian booktuber,book reading vlog,english words with meaning,best comedy roast video,comedy without cursing,stand up comedy without cursing,clean comedy indian,stand up comedy without abuse,stand up comedy without audience,stand up lecture,indian english comedy,american english comedy,indian booktubers channel",23,en,en-IN,https://i.ytimg.com/vi/-sIfG3hUNxQ/default.jpg,https://i.ytimg.com/vi/-sIfG3hUNxQ/hqdefault.jpg,PT5M56S,60726,4359,213,public,UC-VPf3yXgkbjH6PFKQBblYg,Saikiran,"I am a Standup Comedian and these are videos of jokes which I thought were funny when I wrote them. If you also find them funny please like, share and subscribe.",IN,https://yt3.ggpht.com/ytc/AIdro_nHz3cj76WlTIXGexBbg_Rq0ABuadXqUgqdkCxR3_NauA=s800-c-k-c0x00ffffff-no-rj,478000,97
qtoS0BcNkpU,We truly Value Leftovers | Word Roast of Tittynope | Sit Down Comedy by Saikiran,"If you never discard the leftovers then you will love this word Tittynope.

This the final episode of the first season of Word Roast, a weekly sit down comedy video series analyzing Vocabulary with satire by Saikiran.

Tickets for Saikiran - Rolling New Jokes (Stand Up Comedy Live on Zoom) - http://bit.ly/zoomrnj4

For short videos follow me on Instagram at http://www.instagram.com/jestsaikiran

#Saikiran #CleanComedy #Vocabulary",2021-01-27T06:23:36Z,"recipes for leftovers in fridge,indian comedy stand up,sit down comedy video,sai kiran standup comedy,sai karan standup comedy,no wastage of food,shashi tharoor english vocabulary,learning english words,new english words with meaning,indian english funny accent,laugh and learn games,how to improve vocabulary,standup comedy without cursing,clean stand up comedy,dry bar comedy,clean stand up comedy india",23,en,en-IN,https://i.ytimg.com/vi/qtoS0BcNkpU/default.jpg,https://i.ytimg.com/vi/qtoS0BcNkpU/hqdefault.jpg,PT5M26S,67551,5784,247,public,UC-VPf3yXgkbjH6PFKQBblYg,Saikiran,"I am a Standup Comedian and these are videos of jokes which I thought were funny when I wrote them. If you also find them funny please like, share and subscribe.",IN,https://yt3.ggpht.com/ytc/AIdro_nHz3cj76WlTIXGexBbg_Rq0ABuadXqUgqdkCxR3_NauA=s800-c-k-c0x00ffffff-no-rj,478000,97
EqBKcoruihw,Best Way to Study Better | fActually Funny | Sit Down Comedy by Saikiran,"This episode of fActually Funny gives a satirical take on research that says, looking at trees helps students learn better.

Sit Down Comedy is just me talking into the camera or mostly me talking to myself, being caught on camera. Unlike Standup Comedy it has no audience, no laughs but has jokes, some, a few, at least one or two, well I will let you decide.

You can watch my Standup Comedy Live on Zoom. For tickets click http://bit.ly/zoomrnj4

#Saikiran #SitDownComedy #fActuallyFunny",2021-02-03T05:46:07Z,"stand up comedy without cursing,sai kiran,indian english comedy shows,south indian comedy,sit down comedy,indian english speaking,how to study effectively,how to remember what you studied,student comedy videos,not the 9 oclock news,indian english standup comedy,serious comedy,deadpan comedy,south asian comedy,tanglish comedy,malayalam standup comedy,naveen richard stand up comedy,indian satire news,sai karan,clean stand up comedy india",23,en,en-IN,https://i.ytimg.com/vi/EqBKcoruihw/default.jpg,https://i.ytimg.com/vi/EqBKcoruihw/hqdefault.jpg,PT5M18S,183271,11434,397,public,UC-VPf3yXgkbjH6PFKQBblYg,Saikiran,"I am a Standup Comedian and these are videos of jokes which I thought were funny when I wrote them. If you also find them funny please like, share and subscribe.",IN,https://yt3.ggpht.com/ytc/AIdro_nHz3cj76WlTIXGexBbg_Rq0ABuadXqUgqdkCxR3_NauA=s800-c-k-c0x00ffffff-no-rj,478000,97
fZ5cQLAxgwI,Caught Making a Blank Call | Storytelling | Sit Down Comedy by Saikiran,"An attempt at Storytelling about a time when I was caught making a Blank Call to a girl.

You can watch my Standup Comedy Live on Zoom. For tickets click http://bit.ly/zoomrnj4 

#Saikiranâ€‹ #ValentinesDay #90sKid",2021-02-10T05:55:17Z,"valentines day love stories,valentines day,indian love stories,90s kids,saikiran stand up comedy,indian storytelling,indian english accent,south indian english accent,sit down comedy videos,valentines day special,happy valentines day indian funny,indian english funny accent,storytelling shows,south indian storytelling,sai kiran,life in the 90s vs today,stand up comedy without cursing,south indian comedy,tanglish comedy,indian storytellers",23,en,en-IN,https://i.ytimg.com/vi/fZ5cQLAxgwI/default.jpg,https://i.ytimg.com/vi/fZ5cQLAxgwI/hqdefault.jpg,PT5M43S,118543,5270,338,public,UC-VPf3yXgkbjH6PFKQBblYg,Saikiran,"I am a Standup Comedian and these are videos of jokes which I thought were funny when I wrote them. If you also find them funny please like, share and subscribe.",IN,https://yt3.ggpht.com/ytc/AIdro_nHz3cj76WlTIXGexBbg_Rq0ABuadXqUgqdkCxR3_NauA=s800-c-k-c0x00ffffff-no-rj,478000,97
gYVbew2AMjw,Best Before Dates | fActually Funny | Sit Down Comedy by Saikiran,"Do you get confused about Best Before Dates on Groceries? Do watch my Sit Down Comedy about it.

You can watch my Standup Comedy Live on Zoom. For tickets click http://bit.ly/zoomrnj4 â€‹  

#Saikiran #fActuallyFunny #CleanComedy",2021-02-17T05:48:39Z,"sai kiran comedy,indian standup comedy,sit down comedy,best before dates on food,food wastage,grocery shopping vlog,freeganism,indian english funny accent,indian english standup comedy,al capone legend,grocery hoarding,indian infotainment,intelligent comedy scenes,deadpan comedy,deadpan humor,clean comedy stand up,clean stand up comedy indian,saikiran comedy,tanglish comedy,malayalam english spoken english,sri lanka english,kirana shop business",23,en,en-IN,https://i.ytimg.com/vi/gYVbew2AMjw/default.jpg,https://i.ytimg.com/vi/gYVbew2AMjw/hqdefault.jpg,PT9M10S,233988,9898,384,public,UC-VPf3yXgkbjH6PFKQBblYg,Saikiran,"I am a Standup Comedian and these are videos of jokes which I thought were funny when I wrote them. If you also find them funny please like, share and subscribe.",IN,https://yt3.ggpht.com/ytc/AIdro_nHz3cj76WlTIXGexBbg_Rq0ABuadXqUgqdkCxR3_NauA=s800-c-k-c0x00ffffff-no-rj,478000,97
v-x8P-iZiEM,Family Shopping | Sit Down Comedy by Saikiran,"Do watch my comic take on the challenges when shopping with your family.
Use code CromaTGIFSai to avail an additional 5% discount of upto â‚¹1000.

#Saikiran #SitDownComedy #CromaTGIF",2022-02-23T07:15:06Z,"sit down comedy,english comedy,indian accent,indian english,indian satire,indian comedy,saikiran comedy,shopping fail,online shopping problems and solutions,family shopping vlog,shopping with family,indian family,desi lifestyle",23,en-IN,en-IN,https://i.ytimg.com/vi/v-x8P-iZiEM/default.jpg,https://i.ytimg.com/vi/v-x8P-iZiEM/hqdefault.jpg,PT5M59S,273731,8870,296,public,UC-VPf3yXgkbjH6PFKQBblYg,Saikiran,"I am a Standup Comedian and these are videos of jokes which I thought were funny when I wrote them. If you also find them funny please like, share and subscribe.",IN,https://yt3.ggpht.com/ytc/AIdro_nHz3cj76WlTIXGexBbg_Rq0ABuadXqUgqdkCxR3_NauA=s800-c-k-c0x00ffffff-no-rj,478000,97
rCQ8huGhHgc,Chartered Accountant #standupcomedy #shorts,,2022-12-06T06:12:00Z,"Shorts,Standup comedy,Chartered Accountant",23,en,en-IN,https://i.ytimg.com/vi/rCQ8huGhHgc/default.jpg,https://i.ytimg.com/vi/rCQ8huGhHgc/hqdefault.jpg,PT36S,1547612,63512,204,public,UC-VPf3yXgkbjH6PFKQBblYg,Saikiran,"I am a Standup Comedian and these are videos of jokes which I thought were funny when I wrote them. If you also find them funny please like, share and subscribe.",IN,https://yt3.ggpht.com/ytc/AIdro_nHz3cj76WlTIXGexBbg_Rq0ABuadXqUgqdkCxR3_NauA=s800-c-k-c0x00ffffff-no-rj,478000,97
eBcVWjv4j1g,Eating Rice #comedy #shorts,Adding some of the best of my Instagram monologue reels. Watch & Enjoy,2022-12-09T06:27:56Z,"Comedy,Shorts",23,en,en-IN,https://i.ytimg.com/vi/eBcVWjv4j1g/default.jpg,https://i.ytimg.com/vi/eBcVWjv4j1g/hqdefault.jpg,PT49S,1982305,104208,1939,public,UC-VPf3yXgkbjH6PFKQBblYg,Saikiran,"I am a Standup Comedian and these are videos of jokes which I thought were funny when I wrote them. If you also find them funny please like, share and subscribe.",IN,https://yt3.ggpht.com/ytc/AIdro_nHz3cj76WlTIXGexBbg_Rq0ABuadXqUgqdkCxR3_NauA=s800-c-k-c0x00ffffff-no-rj,478000,97
c9KH-CehIH4,Balcony Grills #comedy #shorts,,2022-12-25T06:50:21Z,,23,en,en-IN,https://i.ytimg.com/vi/c9KH-CehIH4/default.jpg,https://i.ytimg.com/vi/c9KH-CehIH4/hqdefault.jpg,PT1M1S,1253990,46296,518,public,UC-VPf3yXgkbjH6PFKQBblYg,Saikiran,"I am a Standup Comedian and these are videos of jokes which I thought were funny when I wrote them. If you also find them funny please like, share and subscribe.",IN,https://yt3.ggpht.com/ytc/AIdro_nHz3cj76WlTIXGexBbg_Rq0ABuadXqUgqdkCxR3_NauA=s800-c-k-c0x00ffffff-no-rj,478000,97
eJrkIrStkFQ,Afternoon Nap #comedy #shorts,,2023-01-09T08:04:45Z,"Comedy,Shorts,Standup Comedy",23,en,en-IN,https://i.ytimg.com/vi/eJrkIrStkFQ/default.jpg,https://i.ytimg.com/vi/eJrkIrStkFQ/hqdefault.jpg,PT59S,339545,26858,376,public,UC-VPf3yXgkbjH6PFKQBblYg,Saikiran,"I am a Standup Comedian and these are videos of jokes which I thought were funny when I wrote them. If you also find them funny please like, share and subscribe.",IN,https://yt3.ggpht.com/ytc/AIdro_nHz3cj76WlTIXGexBbg_Rq0ABuadXqUgqdkCxR3_NauA=s800-c-k-c0x00ffffff-no-rj,478000,97
tNzX0uDhDo4,Memorial Photo #comedy #shorts,,2023-01-16T05:58:53Z,"Comedy,Comedy Shorts",23,en,en-IN,https://i.ytimg.com/vi/tNzX0uDhDo4/default.jpg,https://i.ytimg.com/vi/tNzX0uDhDo4/hqdefault.jpg,PT55S,525930,26907,346,public,UC-VPf3yXgkbjH6PFKQBblYg,Saikiran,"I am a Standup Comedian and these are videos of jokes which I thought were funny when I wrote them. If you also find them funny please like, share and subscribe.",IN,https://yt3.ggpht.com/ytc/AIdro_nHz3cj76WlTIXGexBbg_Rq0ABuadXqUgqdkCxR3_NauA=s800-c-k-c0x00ffffff-no-rj,478000,97
uZXMk2QPYWE,Tragic Lights #Comedy #Shorts,,2023-01-24T05:40:25Z,"Comedy,Shorts,Traffic",23,en,en-IN,https://i.ytimg.com/vi/uZXMk2QPYWE/default.jpg,https://i.ytimg.com/vi/uZXMk2QPYWE/hqdefault.jpg,PT58S,290475,16466,217,public,UC-VPf3yXgkbjH6PFKQBblYg,Saikiran,"I am a Standup Comedian and these are videos of jokes which I thought were funny when I wrote them. If you also find them funny please like, share and subscribe.",IN,https://yt3.ggpht.com/ytc/AIdro_nHz3cj76WlTIXGexBbg_Rq0ABuadXqUgqdkCxR3_NauA=s800-c-k-c0x00ffffff-no-rj,478000,97
JLuYXe4EoZA,Ceiling Fan #Comedy #Shorts,,2023-01-31T08:07:37Z,"Comedy,Shorts,Monologue",23,en,en-IN,https://i.ytimg.com/vi/JLuYXe4EoZA/default.jpg,https://i.ytimg.com/vi/JLuYXe4EoZA/hqdefault.jpg,PT53S,919123,51615,930,public,UC-VPf3yXgkbjH6PFKQBblYg,Saikiran,"I am a Standup Comedian and these are videos of jokes which I thought were funny when I wrote them. If you also find them funny please like, share and subscribe.",IN,https://yt3.ggpht.com/ytc/AIdro_nHz3cj76WlTIXGexBbg_Rq0ABuadXqUgqdkCxR3_NauA=s800-c-k-c0x00ffffff-no-rj,478000,97
BcovNlzNeLg,Romantic Phone Calls #Comedy #Shorts #Valentinesday,,2023-02-06T04:59:43Z,"Comedy,Shorts,Valentines Day,Valentines Week,Monologue,Rant",23,en,en-IN,https://i.ytimg.com/vi/BcovNlzNeLg/default.jpg,https://i.ytimg.com/vi/BcovNlzNeLg/hqdefault.jpg,PT58S,164561,11248,185,public,UC-VPf3yXgkbjH6PFKQBblYg,Saikiran,"I am a Standup Comedian and these are videos of jokes which I thought were funny when I wrote them. If you also find them funny please like, share and subscribe.",IN,https://yt3.ggpht.com/ytc/AIdro_nHz3cj76WlTIXGexBbg_Rq0ABuadXqUgqdkCxR3_NauA=s800-c-k-c0x00ffffff-no-rj,478000,97
j7aRh4utwsQ,"""I Am Still Single"" Stand Up Comedy by Saikiran","A funny glimpse of what happened after my first video and my supporters. 

I am currently touring my three shows ""Pure Veg Jokes"", ""Nearly Nice Guy"" & ""Matrimania"" across Hyderabad, Bengaluru, Chennai, Kochi, Kolkata & Beyond and also regularly perform ""Rolling New Jokes"" online via Zoom
Please be a real supporter and buy tickets to my shows at
www.linktr.ee/jestsaikiran 

Written & Performed by Saikiran (www.instagram.com/jestsaikiran) 
Venue, Videography & Editing by Artkhoj, JP Nagar, Bangalore 
Video Audience - Saikiran Supporters of Bengaluru

DISCLAIMER : This video is for entertainment purposes only and not intended to cause any offence to any individual, community or legal entity.

#standupcomedy #englishcomedy #bangalore 
#cleancomedy #hyderabad",2023-02-11T05:00:38Z,"Standup Comedy,Clean Comedy,English Comedy,Saikiran,Sai Kiran Comedy,Bangalore,Hyderabad,Chennai,Kochi,Kolkata,valentines day",23,en,en-IN,https://i.ytimg.com/vi/j7aRh4utwsQ/default.jpg,https://i.ytimg.com/vi/j7aRh4utwsQ/hqdefault.jpg,PT10M54S,2058885,75335,2384,public,UC-VPf3yXgkbjH6PFKQBblYg,Saikiran,"I am a Standup Comedian and these are videos of jokes which I thought were funny when I wrote them. If you also find them funny please like, share and subscribe.",IN,https://yt3.ggpht.com/ytc/AIdro_nHz3cj76WlTIXGexBbg_Rq0ABuadXqUgqdkCxR3_NauA=s800-c-k-c0x00ffffff-no-rj,478000,97
vOKkHD-qPdA,Valentines Day #Comedy #Shorts,,2023-02-14T11:39:46Z,"Valentineâ€™s Day,Comedy,Shorts,Comedy shorts",23,en,en-IN,https://i.ytimg.com/vi/vOKkHD-qPdA/default.jpg,https://i.ytimg.com/vi/vOKkHD-qPdA/hqdefault.jpg,PT30S,170816,8269,101,public,UC-VPf3yXgkbjH6PFKQBblYg,Saikiran,"I am a Standup Comedian and these are videos of jokes which I thought were funny when I wrote them. If you also find them funny please like, share and subscribe.",IN,https://yt3.ggpht.com/ytc/AIdro_nHz3cj76WlTIXGexBbg_Rq0ABuadXqUgqdkCxR3_NauA=s800-c-k-c0x00ffffff-no-rj,478000,97
HDVccIlGoJc,Dads & Sons #comedy #shorts,,2023-02-20T07:07:30Z,"Shorts,Comedy,Monologue",23,en,en-IN,https://i.ytimg.com/vi/HDVccIlGoJc/default.jpg,https://i.ytimg.com/vi/HDVccIlGoJc/hqdefault.jpg,PT56S,260704,14806,185,public,UC-VPf3yXgkbjH6PFKQBblYg,Saikiran,"I am a Standup Comedian and these are videos of jokes which I thought were funny when I wrote them. If you also find them funny please like, share and subscribe.",IN,https://yt3.ggpht.com/ytc/AIdro_nHz3cj76WlTIXGexBbg_Rq0ABuadXqUgqdkCxR3_NauA=s800-c-k-c0x00ffffff-no-rj,478000,97
a3o4-Pph57s,Spitting Drivers #Comedy #Shorts,,2023-02-28T07:46:32Z,,23,en,en-IN,https://i.ytimg.com/vi/a3o4-Pph57s/default.jpg,https://i.ytimg.com/vi/a3o4-Pph57s/hqdefault.jpg,PT51S,205533,15340,282,public,UC-VPf3yXgkbjH6PFKQBblYg,Saikiran,"I am a Standup Comedian and these are videos of jokes which I thought were funny when I wrote them. If you also find them funny please like, share and subscribe.",IN,https://yt3.ggpht.com/ytc/AIdro_nHz3cj76WlTIXGexBbg_Rq0ABuadXqUgqdkCxR3_NauA=s800-c-k-c0x00ffffff-no-rj,478000,97
FJkhMK8vF0E,Slippery Soap #Comedy #Shorts,,2023-03-07T07:25:47Z,"Comedy,Shorts,Monologue,Rant,Deadpan,Comedy,Shorts,Monologue,Rant,Deadpan,Comedy,Shorts,Monologue,Rant,Deadpan",23,en,en-IN,https://i.ytimg.com/vi/FJkhMK8vF0E/default.jpg,https://i.ytimg.com/vi/FJkhMK8vF0E/hqdefault.jpg,PT56S,246525,14652,302,public,UC-VPf3yXgkbjH6PFKQBblYg,Saikiran,"I am a Standup Comedian and these are videos of jokes which I thought were funny when I wrote them. If you also find them funny please like, share and subscribe.",IN,https://yt3.ggpht.com/ytc/AIdro_nHz3cj76WlTIXGexBbg_Rq0ABuadXqUgqdkCxR3_NauA=s800-c-k-c0x00ffffff-no-rj,478000,97
nqFzve0qrj0,White Uniforms #Comedy #Shorts,,2023-03-15T03:13:36Z,"Comedy,Shorts,School Uniforms",23,en,en-IN,https://i.ytimg.com/vi/nqFzve0qrj0/default.jpg,https://i.ytimg.com/vi/nqFzve0qrj0/hqdefault.jpg,PT47S,453003,27038,395,public,UC-VPf3yXgkbjH6PFKQBblYg,Saikiran,"I am a Standup Comedian and these are videos of jokes which I thought were funny when I wrote them. If you also find them funny please like, share and subscribe.",IN,https://yt3.ggpht.com/ytc/AIdro_nHz3cj76WlTIXGexBbg_Rq0ABuadXqUgqdkCxR3_NauA=s800-c-k-c0x00ffffff-no-rj,478000,97
L3ndmXhkq6g,Pillowsophy #Comedy #Shorts,,2023-03-24T03:28:00Z,"Comedy,Shorts,Pillows,Comedy,Shorts,Pillows",23,en,en-IN,https://i.ytimg.com/vi/L3ndmXhkq6g/default.jpg,https://i.ytimg.com/vi/L3ndmXhkq6g/hqdefault.jpg,PT54S,185900,12264,217,public,UC-VPf3yXgkbjH6PFKQBblYg,Saikiran,"I am a Standup Comedian and these are videos of jokes which I thought were funny when I wrote them. If you also find them funny please like, share and subscribe.",IN,https://yt3.ggpht.com/ytc/AIdro_nHz3cj76WlTIXGexBbg_Rq0ABuadXqUgqdkCxR3_NauA=s800-c-k-c0x00ffffff-no-rj,478000,97
HO0p0bnx2Gs,Apartment Names #Comedy #Shorts,,2023-03-29T07:53:46Z,"Comedy,Shorts,Comedy,Shorts,Comedy,Shorts",23,en,en-IN,https://i.ytimg.com/vi/HO0p0bnx2Gs/default.jpg,https://i.ytimg.com/vi/HO0p0bnx2Gs/hqdefault.jpg,PT47S,333646,17187,277,public,UC-VPf3yXgkbjH6PFKQBblYg,Saikiran,"I am a Standup Comedian and these are videos of jokes which I thought were funny when I wrote them. If you also find them funny please like, share and subscribe.",IN,https://yt3.ggpht.com/ytc/AIdro_nHz3cj76WlTIXGexBbg_Rq0ABuadXqUgqdkCxR3_NauA=s800-c-k-c0x00ffffff-no-rj,478000,97
k9JS_tLnyIk,Bathroom Manual #Comedy #Shorts,,2023-04-05T07:01:18Z,"Comedy,Shorts",23,en,en-IN,https://i.ytimg.com/vi/k9JS_tLnyIk/default.jpg,https://i.ytimg.com/vi/k9JS_tLnyIk/hqdefault.jpg,PT56S,1385055,52138,573,public,UC-VPf3yXgkbjH6PFKQBblYg,Saikiran,"I am a Standup Comedian and these are videos of jokes which I thought were funny when I wrote them. If you also find them funny please like, share and subscribe.",IN,https://yt3.ggpht.com/ytc/AIdro_nHz3cj76WlTIXGexBbg_Rq0ABuadXqUgqdkCxR3_NauA=s800-c-k-c0x00ffffff-no-rj,478000,97
3aPLKCg3TuM,English Spellings #Comedy #Shorts,,2023-04-12T07:35:58Z,,23,en,en-IN,https://i.ytimg.com/vi/3aPLKCg3TuM/default.jpg,https://i.ytimg.com/vi/3aPLKCg3TuM/hqdefault.jpg,PT58S,296241,14349,222,public,UC-VPf3yXgkbjH6PFKQBblYg,Saikiran,"I am a Standup Comedian and these are videos of jokes which I thought were funny when I wrote them. If you also find them funny please like, share and subscribe.",IN,https://yt3.ggpht.com/ytc/AIdro_nHz3cj76WlTIXGexBbg_Rq0ABuadXqUgqdkCxR3_NauA=s800-c-k-c0x00ffffff-no-rj,478000,97
Gj0PPnpP9mw,Area Landmark #Comedy #Shorts,,2023-04-19T04:27:24Z,,23,en,en-IN,https://i.ytimg.com/vi/Gj0PPnpP9mw/default.jpg,https://i.ytimg.com/vi/Gj0PPnpP9mw/hqdefault.jpg,PT55S,148290,8935,139,public,UC-VPf3yXgkbjH6PFKQBblYg,Saikiran,"I am a Standup Comedian and these are videos of jokes which I thought were funny when I wrote them. If you also find them funny please like, share and subscribe.",IN,https://yt3.ggpht.com/ytc/AIdro_nHz3cj76WlTIXGexBbg_Rq0ABuadXqUgqdkCxR3_NauA=s800-c-k-c0x00ffffff-no-rj,478000,97
m-fjzLHN9c8,Baby Vegetables #Comedy #Shorts,,2023-04-27T06:03:27Z,,23,en,en-IN,https://i.ytimg.com/vi/m-fjzLHN9c8/default.jpg,https://i.ytimg.com/vi/m-fjzLHN9c8/hqdefault.jpg,PT51S,494854,23607,469,public,UC-VPf3yXgkbjH6PFKQBblYg,Saikiran,"I am a Standup Comedian and these are videos of jokes which I thought were funny when I wrote them. If you also find them funny please like, share and subscribe.",IN,https://yt3.ggpht.com/ytc/AIdro_nHz3cj76WlTIXGexBbg_Rq0ABuadXqUgqdkCxR3_NauA=s800-c-k-c0x00ffffff-no-rj,478000,97
VZxC33UJMdg,Wedding Menu #Comedy #Shorts,,2023-05-04T03:55:18Z,,23,en,en-IN,https://i.ytimg.com/vi/VZxC33UJMdg/default.jpg,https://i.ytimg.com/vi/VZxC33UJMdg/hqdefault.jpg,PT53S,552167,29507,514,public,UC-VPf3yXgkbjH6PFKQBblYg,Saikiran,"I am a Standup Comedian and these are videos of jokes which I thought were funny when I wrote them. If you also find them funny please like, share and subscribe.",IN,https://yt3.ggpht.com/ytc/AIdro_nHz3cj76WlTIXGexBbg_Rq0ABuadXqUgqdkCxR3_NauA=s800-c-k-c0x00ffffff-no-rj,478000,97
1LvVw9qGoAM,Obituary #Comedy #Shorts,,2023-05-11T06:55:23Z,,23,en,en-IN,https://i.ytimg.com/vi/1LvVw9qGoAM/default.jpg,https://i.ytimg.com/vi/1LvVw9qGoAM/hqdefault.jpg,PT58S,81105,4263,105,public,UC-VPf3yXgkbjH6PFKQBblYg,Saikiran,"I am a Standup Comedian and these are videos of jokes which I thought were funny when I wrote them. If you also find them funny please like, share and subscribe.",IN,https://yt3.ggpht.com/ytc/AIdro_nHz3cj76WlTIXGexBbg_Rq0ABuadXqUgqdkCxR3_NauA=s800-c-k-c0x00ffffff-no-rj,478000,97
IAYuuIOx5pE,Belts & Belly Fat #Comedy #Shorts,,2023-05-18T07:12:52Z,,23,en,en-IN,https://i.ytimg.com/vi/IAYuuIOx5pE/default.jpg,https://i.ytimg.com/vi/IAYuuIOx5pE/hqdefault.jpg,PT55S,71645,3957,67,public,UC-VPf3yXgkbjH6PFKQBblYg,Saikiran,"I am a Standup Comedian and these are videos of jokes which I thought were funny when I wrote them. If you also find them funny please like, share and subscribe.",IN,https://yt3.ggpht.com/ytc/AIdro_nHz3cj76WlTIXGexBbg_Rq0ABuadXqUgqdkCxR3_NauA=s800-c-k-c0x00ffffff-no-rj,478000,97
v7jhXeWUzAE,Gym Glass Window #Comedy #Shorts,,2023-05-30T05:24:00Z,,23,en,en-IN,https://i.ytimg.com/vi/v7jhXeWUzAE/default.jpg,https://i.ytimg.com/vi/v7jhXeWUzAE/hqdefault.jpg,PT55S,72226,4144,81,public,UC-VPf3yXgkbjH6PFKQBblYg,Saikiran,"I am a Standup Comedian and these are videos of jokes which I thought were funny when I wrote them. If you also find them funny please like, share and subscribe.",IN,https://yt3.ggpht.com/ytc/AIdro_nHz3cj76WlTIXGexBbg_Rq0ABuadXqUgqdkCxR3_NauA=s800-c-k-c0x00ffffff-no-rj,478000,97
79v8DRoNZLA,Door Grills #Comedy #Shorts,,2023-06-07T06:55:54Z,"Comedy,Shorts,Architect",23,en,en-IN,https://i.ytimg.com/vi/79v8DRoNZLA/default.jpg,https://i.ytimg.com/vi/79v8DRoNZLA/hqdefault.jpg,PT50S,62113,3505,63,public,UC-VPf3yXgkbjH6PFKQBblYg,Saikiran,"I am a Standup Comedian and these are videos of jokes which I thought were funny when I wrote them. If you also find them funny please like, share and subscribe.",IN,https://yt3.ggpht.com/ytc/AIdro_nHz3cj76WlTIXGexBbg_Rq0ABuadXqUgqdkCxR3_NauA=s800-c-k-c0x00ffffff-no-rj,478000,97
5yOJLdBGJR8,Desi Mannequins #Comedy #Shorts,,2023-06-22T06:26:43Z,,23,en,en-IN,https://i.ytimg.com/vi/5yOJLdBGJR8/default.jpg,https://i.ytimg.com/vi/5yOJLdBGJR8/hqdefault.jpg,PT50S,67356,4146,76,public,UC-VPf3yXgkbjH6PFKQBblYg,Saikiran,"I am a Standup Comedian and these are videos of jokes which I thought were funny when I wrote them. If you also find them funny please like, share and subscribe.",IN,https://yt3.ggpht.com/ytc/AIdro_nHz3cj76WlTIXGexBbg_Rq0ABuadXqUgqdkCxR3_NauA=s800-c-k-c0x00ffffff-no-rj,478000,97
mHA7oX7z7A8,Office AC #Comedy #Shorts,,2023-06-29T07:39:18Z,"Comedy,Shorts",23,en,en-IN,https://i.ytimg.com/vi/mHA7oX7z7A8/default.jpg,https://i.ytimg.com/vi/mHA7oX7z7A8/hqdefault.jpg,PT57S,163154,7276,92,public,UC-VPf3yXgkbjH6PFKQBblYg,Saikiran,"I am a Standup Comedian and these are videos of jokes which I thought were funny when I wrote them. If you also find them funny please like, share and subscribe.",IN,https://yt3.ggpht.com/ytc/AIdro_nHz3cj76WlTIXGexBbg_Rq0ABuadXqUgqdkCxR3_NauA=s800-c-k-c0x00ffffff-no-rj,478000,97
Wby756_uZow,Big Burgers #Comedy #Shorts,,2023-07-12T06:06:16Z,"Comedy,shorts,Burgers",23,en,en-IN,https://i.ytimg.com/vi/Wby756_uZow/default.jpg,https://i.ytimg.com/vi/Wby756_uZow/hqdefault.jpg,PT59S,33089,2561,57,public,UC-VPf3yXgkbjH6PFKQBblYg,Saikiran,"I am a Standup Comedian and these are videos of jokes which I thought were funny when I wrote them. If you also find them funny please like, share and subscribe.",IN,https://yt3.ggpht.com/ytc/AIdro_nHz3cj76WlTIXGexBbg_Rq0ABuadXqUgqdkCxR3_NauA=s800-c-k-c0x00ffffff-no-rj,478000,97
R3TVufwUEVI,Tissue Paper #Comedy #Shorts,,2023-07-19T05:47:24Z,,23,en,en-IN,https://i.ytimg.com/vi/R3TVufwUEVI/default.jpg,https://i.ytimg.com/vi/R3TVufwUEVI/hqdefault.jpg,PT59S,79911,5342,108,public,UC-VPf3yXgkbjH6PFKQBblYg,Saikiran,"I am a Standup Comedian and these are videos of jokes which I thought were funny when I wrote them. If you also find them funny please like, share and subscribe.",IN,https://yt3.ggpht.com/ytc/AIdro_nHz3cj76WlTIXGexBbg_Rq0ABuadXqUgqdkCxR3_NauA=s800-c-k-c0x00ffffff-no-rj,478000,97
kTAYvFj7Dz0,Coffee Smell #Comedy #Shorts,,2023-07-26T14:23:42Z,,23,en,en-IN,https://i.ytimg.com/vi/kTAYvFj7Dz0/default.jpg,https://i.ytimg.com/vi/kTAYvFj7Dz0/hqdefault.jpg,PT56S,45898,2636,69,public,UC-VPf3yXgkbjH6PFKQBblYg,Saikiran,"I am a Standup Comedian and these are videos of jokes which I thought were funny when I wrote them. If you also find them funny please like, share and subscribe.",IN,https://yt3.ggpht.com/ytc/AIdro_nHz3cj76WlTIXGexBbg_Rq0ABuadXqUgqdkCxR3_NauA=s800-c-k-c0x00ffffff-no-rj,478000,97
1mnsQeb7hVI,Clean Bathrooms #Comedy #Shorts,,2023-08-03T05:31:25Z,,23,en,en-IN,https://i.ytimg.com/vi/1mnsQeb7hVI/default.jpg,https://i.ytimg.com/vi/1mnsQeb7hVI/hqdefault.jpg,PT52S,43942,2667,54,public,UC-VPf3yXgkbjH6PFKQBblYg,Saikiran,"I am a Standup Comedian and these are videos of jokes which I thought were funny when I wrote them. If you also find them funny please like, share and subscribe.",IN,https://yt3.ggpht.com/ytc/AIdro_nHz3cj76WlTIXGexBbg_Rq0ABuadXqUgqdkCxR3_NauA=s800-c-k-c0x00ffffff-no-rj,478000,97
gUaVDRTWqjs,Friendship Day #Comedy # Shorts,,2023-08-07T02:23:19Z,,23,en,en-IN,https://i.ytimg.com/vi/gUaVDRTWqjs/default.jpg,https://i.ytimg.com/vi/gUaVDRTWqjs/hqdefault.jpg,PT22S,41900,2477,49,public,UC-VPf3yXgkbjH6PFKQBblYg,Saikiran,"I am a Standup Comedian and these are videos of jokes which I thought were funny when I wrote them. If you also find them funny please like, share and subscribe.",IN,https://yt3.ggpht.com/ytc/AIdro_nHz3cj76WlTIXGexBbg_Rq0ABuadXqUgqdkCxR3_NauA=s800-c-k-c0x00ffffff-no-rj,478000,97
0uGiemivTN8,Dog Walking #Comedy #Reels,,2023-08-14T08:41:43Z,,23,en,en-IN,https://i.ytimg.com/vi/0uGiemivTN8/default.jpg,https://i.ytimg.com/vi/0uGiemivTN8/hqdefault.jpg,PT55S,32750,2104,34,public,UC-VPf3yXgkbjH6PFKQBblYg,Saikiran,"I am a Standup Comedian and these are videos of jokes which I thought were funny when I wrote them. If you also find them funny please like, share and subscribe.",IN,https://yt3.ggpht.com/ytc/AIdro_nHz3cj76WlTIXGexBbg_Rq0ABuadXqUgqdkCxR3_NauA=s800-c-k-c0x00ffffff-no-rj,478000,97
96pBJn_R29o,Star Gazing #Comedy #Shorts,,2023-08-23T10:56:02Z,,23,en,en-IN,https://i.ytimg.com/vi/96pBJn_R29o/default.jpg,https://i.ytimg.com/vi/96pBJn_R29o/hqdefault.jpg,PT55S,21389,1370,31,public,UC-VPf3yXgkbjH6PFKQBblYg,Saikiran,"I am a Standup Comedian and these are videos of jokes which I thought were funny when I wrote them. If you also find them funny please like, share and subscribe.",IN,https://yt3.ggpht.com/ytc/AIdro_nHz3cj76WlTIXGexBbg_Rq0ABuadXqUgqdkCxR3_NauA=s800-c-k-c0x00ffffff-no-rj,478000,97
6pKfnvuKArc,Buffet Strategy #Comedy #Shorts,,2023-08-31T05:19:43Z,,23,en,en-IN,https://i.ytimg.com/vi/6pKfnvuKArc/default.jpg,https://i.ytimg.com/vi/6pKfnvuKArc/hqdefault.jpg,PT51S,36758,2642,55,public,UC-VPf3yXgkbjH6PFKQBblYg,Saikiran,"I am a Standup Comedian and these are videos of jokes which I thought were funny when I wrote them. If you also find them funny please like, share and subscribe.",IN,https://yt3.ggpht.com/ytc/AIdro_nHz3cj76WlTIXGexBbg_Rq0ABuadXqUgqdkCxR3_NauA=s800-c-k-c0x00ffffff-no-rj,478000,97
xmif_Nwc5ME,Cardamom #Comedy #Shorts,,2023-09-11T05:27:38Z,,23,en,en-IN,https://i.ytimg.com/vi/xmif_Nwc5ME/default.jpg,https://i.ytimg.com/vi/xmif_Nwc5ME/hqdefault.jpg,PT56S,32043,2079,67,public,UC-VPf3yXgkbjH6PFKQBblYg,Saikiran,"I am a Standup Comedian and these are videos of jokes which I thought were funny when I wrote them. If you also find them funny please like, share and subscribe.",IN,https://yt3.ggpht.com/ytc/AIdro_nHz3cj76WlTIXGexBbg_Rq0ABuadXqUgqdkCxR3_NauA=s800-c-k-c0x00ffffff-no-rj,478000,97
i31fVwI9cIg,Airport Taxi #Comedy #Shorts,,2023-09-19T07:47:28Z,,23,en,en-IN,https://i.ytimg.com/vi/i31fVwI9cIg/default.jpg,https://i.ytimg.com/vi/i31fVwI9cIg/hqdefault.jpg,PT58S,42629,2239,32,public,UC-VPf3yXgkbjH6PFKQBblYg,Saikiran,"I am a Standup Comedian and these are videos of jokes which I thought were funny when I wrote them. If you also find them funny please like, share and subscribe.",IN,https://yt3.ggpht.com/ytc/AIdro_nHz3cj76WlTIXGexBbg_Rq0ABuadXqUgqdkCxR3_NauA=s800-c-k-c0x00ffffff-no-rj,478000,97
K-EpKTgHhh0,Diluted Handwash #Comedy #Shorts,,2023-09-29T07:46:33Z,,23,en,en-IN,https://i.ytimg.com/vi/K-EpKTgHhh0/default.jpg,https://i.ytimg.com/vi/K-EpKTgHhh0/hqdefault.jpg,PT53S,25180,1847,36,public,UC-VPf3yXgkbjH6PFKQBblYg,Saikiran,"I am a Standup Comedian and these are videos of jokes which I thought were funny when I wrote them. If you also find them funny please like, share and subscribe.",IN,https://yt3.ggpht.com/ytc/AIdro_nHz3cj76WlTIXGexBbg_Rq0ABuadXqUgqdkCxR3_NauA=s800-c-k-c0x00ffffff-no-rj,478000,97
8WAZoTnGO8k,Ladies Handbag #Comedy #Shorts,,2023-10-11T07:23:31Z,,23,en,en-IN,https://i.ytimg.com/vi/8WAZoTnGO8k/default.jpg,https://i.ytimg.com/vi/8WAZoTnGO8k/hqdefault.jpg,PT46S,37000,2317,54,public,UC-VPf3yXgkbjH6PFKQBblYg,Saikiran,"I am a Standup Comedian and these are videos of jokes which I thought were funny when I wrote them. If you also find them funny please like, share and subscribe.",IN,https://yt3.ggpht.com/ytc/AIdro_nHz3cj76WlTIXGexBbg_Rq0ABuadXqUgqdkCxR3_NauA=s800-c-k-c0x00ffffff-no-rj,478000,97
jlYeZG_ccw8,Bed Storage #Comedy #Shorts,,2023-10-25T07:13:33Z,,23,en,en-IN,https://i.ytimg.com/vi/jlYeZG_ccw8/default.jpg,https://i.ytimg.com/vi/jlYeZG_ccw8/hqdefault.jpg,PT54S,70681,2637,43,public,UC-VPf3yXgkbjH6PFKQBblYg,Saikiran,"I am a Standup Comedian and these are videos of jokes which I thought were funny when I wrote them. If you also find them funny please like, share and subscribe.",IN,https://yt3.ggpht.com/ytc/AIdro_nHz3cj76WlTIXGexBbg_Rq0ABuadXqUgqdkCxR3_NauA=s800-c-k-c0x00ffffff-no-rj,478000,97
fFZpkXUyOpg,70 Hour Week #Comedy #Shorts,,2023-11-02T05:22:24Z,,23,en,en-IN,https://i.ytimg.com/vi/fFZpkXUyOpg/default.jpg,https://i.ytimg.com/vi/fFZpkXUyOpg/hqdefault.jpg,PT55S,93383,5331,166,public,UC-VPf3yXgkbjH6PFKQBblYg,Saikiran,"I am a Standup Comedian and these are videos of jokes which I thought were funny when I wrote them. If you also find them funny please like, share and subscribe.",IN,https://yt3.ggpht.com/ytc/AIdro_nHz3cj76WlTIXGexBbg_Rq0ABuadXqUgqdkCxR3_NauA=s800-c-k-c0x00ffffff-no-rj,478000,97
MhfCjQzqgIE,Psychology of Sweets #Comedy #Shorts,,2023-11-11T11:26:58Z,,23,en,en-IN,https://i.ytimg.com/vi/MhfCjQzqgIE/default.jpg,https://i.ytimg.com/vi/MhfCjQzqgIE/hqdefault.jpg,PT39S,28978,1469,32,public,UC-VPf3yXgkbjH6PFKQBblYg,Saikiran,"I am a Standup Comedian and these are videos of jokes which I thought were funny when I wrote them. If you also find them funny please like, share and subscribe.",IN,https://yt3.ggpht.com/ytc/AIdro_nHz3cj76WlTIXGexBbg_Rq0ABuadXqUgqdkCxR3_NauA=s800-c-k-c0x00ffffff-no-rj,478000,97
6RCC8It_ZY0,Brand vs Bill #Comedy #Shorts,,2023-11-21T02:55:41Z,,23,en,en-IN,https://i.ytimg.com/vi/6RCC8It_ZY0/default.jpg,https://i.ytimg.com/vi/6RCC8It_ZY0/hqdefault.jpg,PT50S,17757,830,15,public,UC-VPf3yXgkbjH6PFKQBblYg,Saikiran,"I am a Standup Comedian and these are videos of jokes which I thought were funny when I wrote them. If you also find them funny please like, share and subscribe.",IN,https://yt3.ggpht.com/ytc/AIdro_nHz3cj76WlTIXGexBbg_Rq0ABuadXqUgqdkCxR3_NauA=s800-c-k-c0x00ffffff-no-rj,478000,97
pcAaPZ96SMo,Donâ€™t Call Only Message #comedy #shorts,,2023-12-05T11:58:14Z,,23,en,en-IN,https://i.ytimg.com/vi/pcAaPZ96SMo/default.jpg,https://i.ytimg.com/vi/pcAaPZ96SMo/hqdefault.jpg,PT57S,22434,1429,32,public,UC-VPf3yXgkbjH6PFKQBblYg,Saikiran,"I am a Standup Comedian and these are videos of jokes which I thought were funny when I wrote them. If you also find them funny please like, share and subscribe.",IN,https://yt3.ggpht.com/ytc/AIdro_nHz3cj76WlTIXGexBbg_Rq0ABuadXqUgqdkCxR3_NauA=s800-c-k-c0x00ffffff-no-rj,478000,97
PAwyjgktig8,Did you eat? #comedy #shorts,,2023-12-19T06:00:30Z,,23,en,en-IN,https://i.ytimg.com/vi/PAwyjgktig8/default.jpg,https://i.ytimg.com/vi/PAwyjgktig8/hqdefault.jpg,PT52S,20372,1285,42,public,UC-VPf3yXgkbjH6PFKQBblYg,Saikiran,"I am a Standup Comedian and these are videos of jokes which I thought were funny when I wrote them. If you also find them funny please like, share and subscribe.",IN,https://yt3.ggpht.com/ytc/AIdro_nHz3cj76WlTIXGexBbg_Rq0ABuadXqUgqdkCxR3_NauA=s800-c-k-c0x00ffffff-no-rj,478000,97
Sdufzg-l4es,Quiet Area #Comedy #Shorts,,2023-12-26T13:50:27Z,,23,en,en-IN,https://i.ytimg.com/vi/Sdufzg-l4es/default.jpg,https://i.ytimg.com/vi/Sdufzg-l4es/hqdefault.jpg,PT51S,21800,1144,22,public,UC-VPf3yXgkbjH6PFKQBblYg,Saikiran,"I am a Standup Comedian and these are videos of jokes which I thought were funny when I wrote them. If you also find them funny please like, share and subscribe.",IN,https://yt3.ggpht.com/ytc/AIdro_nHz3cj76WlTIXGexBbg_Rq0ABuadXqUgqdkCxR3_NauA=s800-c-k-c0x00ffffff-no-rj,478000,97
iHN4fOqjVvU,Dessert Spoons #Comedy #Shorts,,2024-01-09T08:21:51Z,,23,en,en-IN,https://i.ytimg.com/vi/iHN4fOqjVvU/default.jpg,https://i.ytimg.com/vi/iHN4fOqjVvU/hqdefault.jpg,PT48S,24225,1210,27,public,UC-VPf3yXgkbjH6PFKQBblYg,Saikiran,"I am a Standup Comedian and these are videos of jokes which I thought were funny when I wrote them. If you also find them funny please like, share and subscribe.",IN,https://yt3.ggpht.com/ytc/AIdro_nHz3cj76WlTIXGexBbg_Rq0ABuadXqUgqdkCxR3_NauA=s800-c-k-c0x00ffffff-no-rj,478000,97
53MDDwXEuK4,Side Hustle #Comedy #shorts,,2024-01-30T07:02:09Z,,23,en,en-IN,https://i.ytimg.com/vi/53MDDwXEuK4/default.jpg,https://i.ytimg.com/vi/53MDDwXEuK4/hqdefault.jpg,PT1M1S,12764,656,20,public,UC-VPf3yXgkbjH6PFKQBblYg,Saikiran,"I am a Standup Comedian and these are videos of jokes which I thought were funny when I wrote them. If you also find them funny please like, share and subscribe.",IN,https://yt3.ggpht.com/ytc/AIdro_nHz3cj76WlTIXGexBbg_Rq0ABuadXqUgqdkCxR3_NauA=s800-c-k-c0x00ffffff-no-rj,478000,97
SPD81OdXXSM,Valentines Day Gifts #Comedy #Shorts,,2024-02-14T07:18:04Z,,23,en,en-IN,https://i.ytimg.com/vi/SPD81OdXXSM/default.jpg,https://i.ytimg.com/vi/SPD81OdXXSM/hqdefault.jpg,PT23S,15371,750,12,public,UC-VPf3yXgkbjH6PFKQBblYg,Saikiran,"I am a Standup Comedian and these are videos of jokes which I thought were funny when I wrote them. If you also find them funny please like, share and subscribe.",IN,https://yt3.ggpht.com/ytc/AIdro_nHz3cj76WlTIXGexBbg_Rq0ABuadXqUgqdkCxR3_NauA=s800-c-k-c0x00ffffff-no-rj,478000,97
bZc520RguOk,Ghee #Comedy #Shorts,,2024-03-26T08:16:37Z,,23,en,en-IN,https://i.ytimg.com/vi/bZc520RguOk/default.jpg,https://i.ytimg.com/vi/bZc520RguOk/hqdefault.jpg,PT57S,16487,867,23,public,UC-VPf3yXgkbjH6PFKQBblYg,Saikiran,"I am a Standup Comedian and these are videos of jokes which I thought were funny when I wrote them. If you also find them funny please like, share and subscribe.",IN,https://yt3.ggpht.com/ytc/AIdro_nHz3cj76WlTIXGexBbg_Rq0ABuadXqUgqdkCxR3_NauA=s800-c-k-c0x00ffffff-no-rj,478000,97
EdMvNkRrhXo,White Rice #Comedy #Shorts,,2024-04-06T05:44:19Z,,23,en,en-IN,https://i.ytimg.com/vi/EdMvNkRrhXo/default.jpg,https://i.ytimg.com/vi/EdMvNkRrhXo/hqdefault.jpg,PT44S,18073,993,28,public,UC-VPf3yXgkbjH6PFKQBblYg,Saikiran,"I am a Standup Comedian and these are videos of jokes which I thought were funny when I wrote them. If you also find them funny please like, share and subscribe.",IN,https://yt3.ggpht.com/ytc/AIdro_nHz3cj76WlTIXGexBbg_Rq0ABuadXqUgqdkCxR3_NauA=s800-c-k-c0x00ffffff-no-rj,478000,97
Cj77QwepbCo,Credit Vs Debit Cards #Comedy #Shorts,,2024-05-11T10:47:02Z,,23,en,en-IN,https://i.ytimg.com/vi/Cj77QwepbCo/default.jpg,https://i.ytimg.com/vi/Cj77QwepbCo/hqdefault.jpg,PT1M1S,18969,819,21,public,UC-VPf3yXgkbjH6PFKQBblYg,Saikiran,"I am a Standup Comedian and these are videos of jokes which I thought were funny when I wrote them. If you also find them funny please like, share and subscribe.",IN,https://yt3.ggpht.com/ytc/AIdro_nHz3cj76WlTIXGexBbg_Rq0ABuadXqUgqdkCxR3_NauA=s800-c-k-c0x00ffffff-no-rj,478000,97
9woQXRcn7tw,Dark Food Joke #Comedy #Shorts,,2024-05-21T06:55:55Z,,23,en,en-IN,https://i.ytimg.com/vi/9woQXRcn7tw/default.jpg,https://i.ytimg.com/vi/9woQXRcn7tw/hqdefault.jpg,PT22S,15438,503,12,public,UC-VPf3yXgkbjH6PFKQBblYg,Saikiran,"I am a Standup Comedian and these are videos of jokes which I thought were funny when I wrote them. If you also find them funny please like, share and subscribe.",IN,https://yt3.ggpht.com/ytc/AIdro_nHz3cj76WlTIXGexBbg_Rq0ABuadXqUgqdkCxR3_NauA=s800-c-k-c0x00ffffff-no-rj,478000,97
W2vngPMvjaA,Auntâ€™s Cooking #Comedy #Shorts,,2024-06-08T06:10:41Z,,23,en,en-IN,https://i.ytimg.com/vi/W2vngPMvjaA/default.jpg,https://i.ytimg.com/vi/W2vngPMvjaA/hqdefault.jpg,PT59S,20369,1104,32,public,UC-VPf3yXgkbjH6PFKQBblYg,Saikiran,"I am a Standup Comedian and these are videos of jokes which I thought were funny when I wrote them. If you also find them funny please like, share and subscribe.",IN,https://yt3.ggpht.com/ytc/AIdro_nHz3cj76WlTIXGexBbg_Rq0ABuadXqUgqdkCxR3_NauA=s800-c-k-c0x00ffffff-no-rj,478000,97
OzGo3_Q8ZPs,Star Signs #Comedy #Shorts,,2024-06-22T06:16:44Z,,23,en,en-IN,https://i.ytimg.com/vi/OzGo3_Q8ZPs/default.jpg,https://i.ytimg.com/vi/OzGo3_Q8ZPs/hqdefault.jpg,PT51S,9042,451,6,public,UC-VPf3yXgkbjH6PFKQBblYg,Saikiran,"I am a Standup Comedian and these are videos of jokes which I thought were funny when I wrote them. If you also find them funny please like, share and subscribe.",IN,https://yt3.ggpht.com/ytc/AIdro_nHz3cj76WlTIXGexBbg_Rq0ABuadXqUgqdkCxR3_NauA=s800-c-k-c0x00ffffff-no-rj,478000,97
15Cxxo3Yvgk,Dadâ€™s Fingerprints #Comedy #Shorts,,2024-06-27T07:30:02Z,,23,en,en-IN,https://i.ytimg.com/vi/15Cxxo3Yvgk/default.jpg,https://i.ytimg.com/vi/15Cxxo3Yvgk/hqdefault.jpg,PT1M1S,19728,907,8,public,UC-VPf3yXgkbjH6PFKQBblYg,Saikiran,"I am a Standup Comedian and these are videos of jokes which I thought were funny when I wrote them. If you also find them funny please like, share and subscribe.",IN,https://yt3.ggpht.com/ytc/AIdro_nHz3cj76WlTIXGexBbg_Rq0ABuadXqUgqdkCxR3_NauA=s800-c-k-c0x00ffffff-no-rj,478000,97
ApK6kT45who,Shaking Legs #Comedy #Shorts,,2024-07-05T05:58:59Z,,23,en,en-IN,https://i.ytimg.com/vi/ApK6kT45who/default.jpg,https://i.ytimg.com/vi/ApK6kT45who/hqdefault.jpg,PT56S,19970,757,25,public,UC-VPf3yXgkbjH6PFKQBblYg,Saikiran,"I am a Standup Comedian and these are videos of jokes which I thought were funny when I wrote them. If you also find them funny please like, share and subscribe.",IN,https://yt3.ggpht.com/ytc/AIdro_nHz3cj76WlTIXGexBbg_Rq0ABuadXqUgqdkCxR3_NauA=s800-c-k-c0x00ffffff-no-rj,478000,97
2NM9S6SZ4MM,Dreams #Comedy #Shorts,,2024-07-12T07:07:50Z,,23,en,en-IN,https://i.ytimg.com/vi/2NM9S6SZ4MM/default.jpg,https://i.ytimg.com/vi/2NM9S6SZ4MM/hqdefault.jpg,PT1M1S,61258,2418,17,public,UC-VPf3yXgkbjH6PFKQBblYg,Saikiran,"I am a Standup Comedian and these are videos of jokes which I thought were funny when I wrote them. If you also find them funny please like, share and subscribe.",IN,https://yt3.ggpht.com/ytc/AIdro_nHz3cj76WlTIXGexBbg_Rq0ABuadXqUgqdkCxR3_NauA=s800-c-k-c0x00ffffff-no-rj,478000,97
4PAOGs2rEU4,Hi ðŸ˜¤ #Comedy #Shorts,,2024-07-18T08:15:10Z,,23,en,en-IN,https://i.ytimg.com/vi/4PAOGs2rEU4/default.jpg,https://i.ytimg.com/vi/4PAOGs2rEU4/hqdefault.jpg,PT1M1S,14473,908,36,public,UC-VPf3yXgkbjH6PFKQBblYg,Saikiran,"I am a Standup Comedian and these are videos of jokes which I thought were funny when I wrote them. If you also find them funny please like, share and subscribe.",IN,https://yt3.ggpht.com/ytc/AIdro_nHz3cj76WlTIXGexBbg_Rq0ABuadXqUgqdkCxR3_NauA=s800-c-k-c0x00ffffff-no-rj,478000,97
KAmIut7FLjo,Relationship Status #Comedy #Shorts,,2024-07-31T07:29:59Z,,23,en,en-IN,https://i.ytimg.com/vi/KAmIut7FLjo/default.jpg,https://i.ytimg.com/vi/KAmIut7FLjo/hqdefault.jpg,PT59S,101039,4786,40,public,UC-VPf3yXgkbjH6PFKQBblYg,Saikiran,"I am a Standup Comedian and these are videos of jokes which I thought were funny when I wrote them. If you also find them funny please like, share and subscribe.",IN,https://yt3.ggpht.com/ytc/AIdro_nHz3cj76WlTIXGexBbg_Rq0ABuadXqUgqdkCxR3_NauA=s800-c-k-c0x00ffffff-no-rj,478000,97
UXGees6SW98,Office Meetings #Comedy #Shorts,,2024-08-08T06:37:58Z,,23,en,en-IN,https://i.ytimg.com/vi/UXGees6SW98/default.jpg,https://i.ytimg.com/vi/UXGees6SW98/hqdefault.jpg,PT52S,18459,1136,13,public,UC-VPf3yXgkbjH6PFKQBblYg,Saikiran,"I am a Standup Comedian and these are videos of jokes which I thought were funny when I wrote them. If you also find them funny please like, share and subscribe.",IN,https://yt3.ggpht.com/ytc/AIdro_nHz3cj76WlTIXGexBbg_Rq0ABuadXqUgqdkCxR3_NauA=s800-c-k-c0x00ffffff-no-rj,478000,97
zNLOYUqDgEs,Delhi #Comedy #Shorts,,2024-08-16T06:50:27Z,,23,en,en-IN,https://i.ytimg.com/vi/zNLOYUqDgEs/default.jpg,https://i.ytimg.com/vi/zNLOYUqDgEs/hqdefault.jpg,PT42S,19010,,10,public,UC-VPf3yXgkbjH6PFKQBblYg,Saikiran,"I am a Standup Comedian and these are videos of jokes which I thought were funny when I wrote them. If you also find them funny please like, share and subscribe.",IN,https://yt3.ggpht.com/ytc/AIdro_nHz3cj76WlTIXGexBbg_Rq0ABuadXqUgqdkCxR3_NauA=s800-c-k-c0x00ffffff-no-rj,478000,97
1ITLMdNMEJw,Be your own Boss #Comedy #Shorts,,2024-08-28T06:00:22Z,,23,en,en-IN,https://i.ytimg.com/vi/1ITLMdNMEJw/default.jpg,https://i.ytimg.com/vi/1ITLMdNMEJw/hqdefault.jpg,PT50S,19260,968,24,public,UC-VPf3yXgkbjH6PFKQBblYg,Saikiran,"I am a Standup Comedian and these are videos of jokes which I thought were funny when I wrote them. If you also find them funny please like, share and subscribe.",IN,https://yt3.ggpht.com/ytc/AIdro_nHz3cj76WlTIXGexBbg_Rq0ABuadXqUgqdkCxR3_NauA=s800-c-k-c0x00ffffff-no-rj,478000,97
Q7VhMJZPRXc,Five Star Towels #Comedy #Shorts #standupcomedy,,2024-09-11T14:59:46Z,,23,en,en-IN,https://i.ytimg.com/vi/Q7VhMJZPRXc/default.jpg,https://i.ytimg.com/vi/Q7VhMJZPRXc/hqdefault.jpg,PT58S,47745,1835,13,public,UC-VPf3yXgkbjH6PFKQBblYg,Saikiran,"I am a Standup Comedian and these are videos of jokes which I thought were funny when I wrote them. If you also find them funny please like, share and subscribe.",IN,https://yt3.ggpht.com/ytc/AIdro_nHz3cj76WlTIXGexBbg_Rq0ABuadXqUgqdkCxR3_NauA=s800-c-k-c0x00ffffff-no-rj,478000,97
WIHeGn8BOD8,Parents pushing for Marriage? #standupcomedy #comedyshorts,,2024-09-17T13:38:04Z,,23,en,en-IN,https://i.ytimg.com/vi/WIHeGn8BOD8/default.jpg,https://i.ytimg.com/vi/WIHeGn8BOD8/hqdefault.jpg,PT56S,98242,3922,53,public,UC-VPf3yXgkbjH6PFKQBblYg,Saikiran,"I am a Standup Comedian and these are videos of jokes which I thought were funny when I wrote them. If you also find them funny please like, share and subscribe.",IN,https://yt3.ggpht.com/ytc/AIdro_nHz3cj76WlTIXGexBbg_Rq0ABuadXqUgqdkCxR3_NauA=s800-c-k-c0x00ffffff-no-rj,478000,97
c1BGLYVpqk8,Ten years of comedy #standupcomedy #shorts,,2024-10-01T06:37:50Z,,23,en,en-IN,https://i.ytimg.com/vi/c1BGLYVpqk8/default.jpg,https://i.ytimg.com/vi/c1BGLYVpqk8/hqdefault.jpg,PT1M1S,927652,23207,209,public,UC-VPf3yXgkbjH6PFKQBblYg,Saikiran,"I am a Standup Comedian and these are videos of jokes which I thought were funny when I wrote them. If you also find them funny please like, share and subscribe.",IN,https://yt3.ggpht.com/ytc/AIdro_nHz3cj76WlTIXGexBbg_Rq0ABuadXqUgqdkCxR3_NauA=s800-c-k-c0x00ffffff-no-rj,478000,97
Wb4bFhEiIfE,Cool Guy #standupcomedy #comedyshorts,,2024-10-09T08:16:00Z,,23,en,en-IN,https://i.ytimg.com/vi/Wb4bFhEiIfE/default.jpg,https://i.ytimg.com/vi/Wb4bFhEiIfE/hqdefault.jpg,PT35S,43344,1403,11,public,UC-VPf3yXgkbjH6PFKQBblYg,Saikiran,"I am a Standup Comedian and these are videos of jokes which I thought were funny when I wrote them. If you also find them funny please like, share and subscribe.",IN,https://yt3.ggpht.com/ytc/AIdro_nHz3cj76WlTIXGexBbg_Rq0ABuadXqUgqdkCxR3_NauA=s800-c-k-c0x00ffffff-no-rj,478000,97
rfTcgKKJGRo,Why teacher scolded me? #standupcomedy #comedyshorts,,2024-10-15T06:21:56Z,,23,en,en-IN,https://i.ytimg.com/vi/rfTcgKKJGRo/default.jpg,https://i.ytimg.com/vi/rfTcgKKJGRo/hqdefault.jpg,PT1M1S,98111,2820,30,public,UC-VPf3yXgkbjH6PFKQBblYg,Saikiran,"I am a Standup Comedian and these are videos of jokes which I thought were funny when I wrote them. If you also find them funny please like, share and subscribe.",IN,https://yt3.ggpht.com/ytc/AIdro_nHz3cj76WlTIXGexBbg_Rq0ABuadXqUgqdkCxR3_NauA=s800-c-k-c0x00ffffff-no-rj,478000,97
j6r6ouYRI9E,Changed Appearance #standupcomedy #comedy #shorts,,2024-10-22T07:34:09Z,,23,en,en-IN,https://i.ytimg.com/vi/j6r6ouYRI9E/default.jpg,https://i.ytimg.com/vi/j6r6ouYRI9E/hqdefault.jpg,PT30S,30677,1306,26,public,UC-VPf3yXgkbjH6PFKQBblYg,Saikiran,"I am a Standup Comedian and these are videos of jokes which I thought were funny when I wrote them. If you also find them funny please like, share and subscribe.",IN,https://yt3.ggpht.com/ytc/AIdro_nHz3cj76WlTIXGexBbg_Rq0ABuadXqUgqdkCxR3_NauA=s800-c-k-c0x00ffffff-no-rj,478000,97
v44TJAm8Frg,Mosquito Problem #StandupComedy #Shorts,,2024-11-06T08:20:44Z,,23,en,en-IN,https://i.ytimg.com/vi/v44TJAm8Frg/default.jpg,https://i.ytimg.com/vi/v44TJAm8Frg/hqdefault.jpg,PT1M1S,20251,939,15,public,UC-VPf3yXgkbjH6PFKQBblYg,Saikiran,"I am a Standup Comedian and these are videos of jokes which I thought were funny when I wrote them. If you also find them funny please like, share and subscribe.",IN,https://yt3.ggpht.com/ytc/AIdro_nHz3cj76WlTIXGexBbg_Rq0ABuadXqUgqdkCxR3_NauA=s800-c-k-c0x00ffffff-no-rj,478000,97
sd0nCRQ0_bM,Professional Comedian #StandupComedy #Comedy #Shorts,,2024-11-28T05:59:28Z,,23,en,en-IN,https://i.ytimg.com/vi/sd0nCRQ0_bM/default.jpg,https://i.ytimg.com/vi/sd0nCRQ0_bM/hqdefault.jpg,PT47S,21313,1117,16,public,UC-VPf3yXgkbjH6PFKQBblYg,Saikiran,"I am a Standup Comedian and these are videos of jokes which I thought were funny when I wrote them. If you also find them funny please like, share and subscribe.",IN,https://yt3.ggpht.com/ytc/AIdro_nHz3cj76WlTIXGexBbg_Rq0ABuadXqUgqdkCxR3_NauA=s800-c-k-c0x00ffffff-no-rj,478000,97
Ie73idXVNTY,Girlfriend Gifts #ValentinesDay,,2025-02-14T04:40:10Z,,23,en,en-IN,https://i.ytimg.com/vi/Ie73idXVNTY/default.jpg,https://i.ytimg.com/vi/Ie73idXVNTY/hqdefault.jpg,PT53S,8315,524,19,public,UC-VPf3yXgkbjH6PFKQBblYg,Saikiran,"I am a Standup Comedian and these are videos of jokes which I thought were funny when I wrote them. If you also find them funny please like, share and subscribe.",IN,https://yt3.ggpht.com/ytc/AIdro_nHz3cj76WlTIXGexBbg_Rq0ABuadXqUgqdkCxR3_NauA=s800-c-k-c0x00ffffff-no-rj,478000,97
jEQ6HyMcFmQ,Company T-Shirt #Comedy #Shorts,,2025-02-19T04:06:08Z,,23,en,en-IN,https://i.ytimg.com/vi/jEQ6HyMcFmQ/default.jpg,https://i.ytimg.com/vi/jEQ6HyMcFmQ/hqdefault.jpg,PT1M24S,5691,367,11,public,UC-VPf3yXgkbjH6PFKQBblYg,Saikiran,"I am a Standup Comedian and these are videos of jokes which I thought were funny when I wrote them. If you also find them funny please like, share and subscribe.",IN,https://yt3.ggpht.com/ytc/AIdro_nHz3cj76WlTIXGexBbg_Rq0ABuadXqUgqdkCxR3_NauA=s800-c-k-c0x00ffffff-no-rj,478000,97
WsR_Zjnw1Zc,Badam Milk vs Almond Milk #comedy #shorts,,2025-03-11T04:38:17Z,,23,en,en-IN,https://i.ytimg.com/vi/WsR_Zjnw1Zc/default.jpg,https://i.ytimg.com/vi/WsR_Zjnw1Zc/hqdefault.jpg,PT1M50S,8658,829,32,public,UC-VPf3yXgkbjH6PFKQBblYg,Saikiran,"I am a Standup Comedian and these are videos of jokes which I thought were funny when I wrote them. If you also find them funny please like, share and subscribe.",IN,https://yt3.ggpht.com/ytc/AIdro_nHz3cj76WlTIXGexBbg_Rq0ABuadXqUgqdkCxR3_NauA=s800-c-k-c0x00ffffff-no-rj,478000,97
SXJMdRdaI6Q,Screaming Kids #Comedy #Shorts,,2025-03-14T05:56:21Z,,23,en,en-IN,https://i.ytimg.com/vi/SXJMdRdaI6Q/default.jpg,https://i.ytimg.com/vi/SXJMdRdaI6Q/hqdefault.jpg,PT1M42S,9965,1041,26,public,UC-VPf3yXgkbjH6PFKQBblYg,Saikiran,"I am a Standup Comedian and these are videos of jokes which I thought were funny when I wrote them. If you also find them funny please like, share and subscribe.",IN,https://yt3.ggpht.com/ytc/AIdro_nHz3cj76WlTIXGexBbg_Rq0ABuadXqUgqdkCxR3_NauA=s800-c-k-c0x00ffffff-no-rj,478000,97
ikyd4ihDDlw,Shriek Socialising #Comedy #Shorts,,2025-03-26T06:01:07Z,,23,en,en-IN,https://i.ytimg.com/vi/ikyd4ihDDlw/default.jpg,https://i.ytimg.com/vi/ikyd4ihDDlw/hqdefault.jpg,PT2M,8734,543,14,public,UC-VPf3yXgkbjH6PFKQBblYg,Saikiran,"I am a Standup Comedian and these are videos of jokes which I thought were funny when I wrote them. If you also find them funny please like, share and subscribe.",IN,https://yt3.ggpht.com/ytc/AIdro_nHz3cj76WlTIXGexBbg_Rq0ABuadXqUgqdkCxR3_NauA=s800-c-k-c0x00ffffff-no-rj,478000,97
IigZrLQXtOw,"Doctors, Comedian & Artificial Intelligence #Comedy #Shorts",,2025-03-31T04:55:33Z,"Comedy,Doctors,artificial intelligence",23,en,en-IN,https://i.ytimg.com/vi/IigZrLQXtOw/default.jpg,https://i.ytimg.com/vi/IigZrLQXtOw/hqdefault.jpg,PT1M49S,14362,586,16,public,UC-VPf3yXgkbjH6PFKQBblYg,Saikiran,"I am a Standup Comedian and these are videos of jokes which I thought were funny when I wrote them. If you also find them funny please like, share and subscribe.",IN,https://yt3.ggpht.com/ytc/AIdro_nHz3cj76WlTIXGexBbg_Rq0ABuadXqUgqdkCxR3_NauA=s800-c-k-c0x00ffffff-no-rj,478000,97
NkHH1zXw87g,British Audience #Comedy #Shorts,,2025-04-16T10:06:10Z,,23,en,en-IN,https://i.ytimg.com/vi/NkHH1zXw87g/default.jpg,https://i.ytimg.com/vi/NkHH1zXw87g/hqdefault.jpg,PT1M2S,20471,1075,12,public,UC-VPf3yXgkbjH6PFKQBblYg,Saikiran,"I am a Standup Comedian and these are videos of jokes which I thought were funny when I wrote them. If you also find them funny please like, share and subscribe.",IN,https://yt3.ggpht.com/ytc/AIdro_nHz3cj76WlTIXGexBbg_Rq0ABuadXqUgqdkCxR3_NauA=s800-c-k-c0x00ffffff-no-rj,478000,97
MoC84VEHkWE,Wedding Vaastu #Comedy #Shorts,,2025-06-11T08:04:46Z,,23,en,en-IN,https://i.ytimg.com/vi/MoC84VEHkWE/default.jpg,https://i.ytimg.com/vi/MoC84VEHkWE/hqdefault.jpg,PT1M57S,12750,546,17,public,UC-VPf3yXgkbjH6PFKQBblYg,Saikiran,"I am a Standup Comedian and these are videos of jokes which I thought were funny when I wrote them. If you also find them funny please like, share and subscribe.",IN,https://yt3.ggpht.com/ytc/AIdro_nHz3cj76WlTIXGexBbg_Rq0ABuadXqUgqdkCxR3_NauA=s800-c-k-c0x00ffffff-no-rj,478000,97
OYE5zQFLNOw,Fathers Day #Comedy #Shorts,,2025-06-16T03:27:10Z,,23,en,en-IN,https://i.ytimg.com/vi/OYE5zQFLNOw/default.jpg,https://i.ytimg.com/vi/OYE5zQFLNOw/hqdefault.jpg,PT48S,32741,712,6,public,UC-VPf3yXgkbjH6PFKQBblYg,Saikiran,"I am a Standup Comedian and these are videos of jokes which I thought were funny when I wrote them. If you also find them funny please like, share and subscribe.",IN,https://yt3.ggpht.com/ytc/AIdro_nHz3cj76WlTIXGexBbg_Rq0ABuadXqUgqdkCxR3_NauA=s800-c-k-c0x00ffffff-no-rj,478000,97
PnSIeAT3_lM,Cadbury Silk #comedyshorts,,2025-07-10T06:00:26Z,,23,en,en-IN,https://i.ytimg.com/vi/PnSIeAT3_lM/default.jpg,https://i.ytimg.com/vi/PnSIeAT3_lM/hqdefault.jpg,PT1M12S,13851,593,10,public,UC-VPf3yXgkbjH6PFKQBblYg,Saikiran,"I am a Standup Comedian and these are videos of jokes which I thought were funny when I wrote them. If you also find them funny please like, share and subscribe.",IN,https://yt3.ggpht.com/ytc/AIdro_nHz3cj76WlTIXGexBbg_Rq0ABuadXqUgqdkCxR3_NauA=s800-c-k-c0x00ffffff-no-rj,478000,97
t6f_kNvQ6eU,Spoke to Grandma in Seance #comedyshorts,,2025-07-28T05:18:38Z,,23,en,en-IN,https://i.ytimg.com/vi/t6f_kNvQ6eU/default.jpg,https://i.ytimg.com/vi/t6f_kNvQ6eU/hqdefault.jpg,PT1M31S,13133,438,11,public,UC-VPf3yXgkbjH6PFKQBblYg,Saikiran,"I am a Standup Comedian and these are videos of jokes which I thought were funny when I wrote them. If you also find them funny please like, share and subscribe.",IN,https://yt3.ggpht.com/ytc/AIdro_nHz3cj76WlTIXGexBbg_Rq0ABuadXqUgqdkCxR3_NauA=s800-c-k-c0x00ffffff-no-rj,478000,97
Xk-E1HCzWdY,Accent #comedyshorts,,2025-08-11T06:38:49Z,,23,en,en-IN,https://i.ytimg.com/vi/Xk-E1HCzWdY/default.jpg,https://i.ytimg.com/vi/Xk-E1HCzWdY/hqdefault.jpg,PT34S,12518,325,7,public,UC-VPf3yXgkbjH6PFKQBblYg,Saikiran,"I am a Standup Comedian and these are videos of jokes which I thought were funny when I wrote them. If you also find them funny please like, share and subscribe.",IN,https://yt3.ggpht.com/ytc/AIdro_nHz3cj76WlTIXGexBbg_Rq0ABuadXqUgqdkCxR3_NauA=s800-c-k-c0x00ffffff-no-rj,478000,97
jPqSs7MXKLg,Importance of Curd Rice #Comedy #Shorts #StandupComedy,,2025-08-13T09:03:52Z,,23,en,en-IN,https://i.ytimg.com/vi/jPqSs7MXKLg/default.jpg,https://i.ytimg.com/vi/jPqSs7MXKLg/hqdefault.jpg,PT2M25S,26807,1359,28,public,UC-VPf3yXgkbjH6PFKQBblYg,Saikiran,"I am a Standup Comedian and these are videos of jokes which I thought were funny when I wrote them. If you also find them funny please like, share and subscribe.",IN,https://yt3.ggpht.com/ytc/AIdro_nHz3cj76WlTIXGexBbg_Rq0ABuadXqUgqdkCxR3_NauA=s800-c-k-c0x00ffffff-no-rj,478000,97
aOjEkNst17s,Graduated from ivi at ISB,"Six months ago took a slight detour from comedy and joined the ISB I-Venture an immersive ""Entrepreneur in residence"" program at Indian School of Business hashtag#Hyderabad. For someone without much of a Higher Education (dont get fooled by the spectacles, I was a spectacular academic failure, you would know this if you had seen my show hashtag#NearlyNiceGuy) this was an unforeseen opportunity and an amazing experience, to watch & participate in entrepreneurship education from the front lines. 

Staying at inarguably one of the best campuses in the country of one of the best business schools in the world was a beautiful experience. Learnt a lot about business and life, hobnobbed with some amazing people, pow-wowed with some brilliant minds, overall had great great fun.

Completed the course and graduated yesterday along with a group of 50 extraordinary entrepreneurs from various sectors, some of whom could be building minicorns & unicorns soon (and hiring me for corporate shows). 

My business education & ideation continues beyond the program and hopefully will get sharpened and strengthened as I continue to build in stealth. But as a comedian can't let go of this opportunity to write a show on entrepreneurship. So very soon will be launching a new comedy show, Standup to Startup - A Comedians Journey into Entrepreneurship. ðŸ˜ 

Big thanks to Bhagwan Chowdhry, Saumya Kumar, JayaSudha Ph.D., Sucheta Sarangi, SAMEER DS, Madan Pillutla, Vandith Pamuru, Vishal Karungulam, Madhu Viswanathan, Prachi Deuskar Siddharth Shekhar Singh, Sudhir Voleti, Pooja Mishra, PhD, Ganesh Seshan and all the staff of ivi and fellow students of ISB for taking me in and giving me one of the most joyful 6 months of my life.",2025-09-30T06:54:44Z,,23,en,en-IN,https://i.ytimg.com/vi/aOjEkNst17s/default.jpg,https://i.ytimg.com/vi/aOjEkNst17s/hqdefault.jpg,PT35S,3973,134,14,public,UC-VPf3yXgkbjH6PFKQBblYg,Saikiran,"I am a Standup Comedian and these are videos of jokes which I thought were funny when I wrote them. If you also find them funny please like, share and subscribe.",IN,https://yt3.ggpht.com/ytc/AIdro_nHz3cj76WlTIXGexBbg_Rq0ABuadXqUgqdkCxR3_NauA=s800-c-k-c0x00ffffff-no-rj,478000,97
