videoId,title,description,publishedAt,tags,categoryId,defaultLanguage,defaultAudioLanguage,thumbnail,duration,viewCount,likeCount,commentCount,privacyStatus
bshe96X5KkA,AI Course for Developers - Build AI-Powered Apps,"‚ù§Ô∏è Join this channel to get access to perks:
https://www.youtube.com/channel/UCWv7vMbMWH4-V0ZXdmDpPBA/join

‚úã Stay connected:
- Full Courses: https://codewithmosh.com
- Twitter: https://twitter.com/moshhamedani
- Facebook: https://www.facebook.com/programmingwithmosh/
- Instagram: https://www.instagram.com/codewithmosh.official/
- LinkedIn: https://www.linkedin.com/school/codewithmosh/",2025-08-26T12:30:47Z,"ai course, learn ai, ai course for developers, ai engineering, generative ai, ai developer, open ai, openai, ai for beginners, ai full course, large language models, llms, code with mosh, programming with mosh, mosh hamedani, web development, programming",27,en,en,https://i.ytimg.com/vi/bshe96X5KkA/default.jpg,PT1M6S,20282,717,11,public
PtETUYa3i2Q,AI Course for Developers ‚Äì Build AI-Powered Apps with React,"This AI course teaches you how to build AI-powered apps with React & Express. You‚Äôll learn about LLMs, prompt engineering, and full-stack AI integration.

üöÄ Want to dive deeper?
- Get the full course: https://mosh.link/build-ai-powered-apps
- Subscribe for more videos like this: https://goo.gl/6PYaGF

üí° Related tutorials 
https://youtu.be/SqcY0GlETPk?si=ALGbprFSjzSnVfms
https://youtu.be/d56mG7DezGs?si=NamrMlwEwC99MIfQ

‚úã Stay connected:
- Full Courses: https://codewithmosh.com
- Twitter: https://twitter.com/moshhamedani
- Facebook: https://www.facebook.com/programmingwithmosh/
- Instagram: https://www.instagram.com/codewithmosh.official/
- LinkedIn: https://www.linkedin.com/school/codewithmosh/

üìñ Chapters 
0:00:00 Welcome
0:01:26 Prerequisites
0:02:21 What You‚Äôll Learn
0:06:15 Setting Up Your Development Environment
0:07:12 Introduction to AI Models
0:07:48 Rise of AI Engineering
0:11:49 What Are Large Language Models?
0:16:12 What Can You Do With Language Models?
0:18:37 Understanding Tokens
0:21:40 Counting Tokens
0:25:43 Choosing the Right Model
0:30:45 Understanding Model Settings
0:39:32 Calling Models
0:47:07 Setting Up a Modern Full-Stack Project
0:48:19 Setting Up Bun
0:49:51 Creating the Project Structure
0:52:39 Creating the Backend
0:59:18 Managing OpenAI API Key
1:04:33 Creating the Frontend
1:07:18 Connecting the Frontend and Backend
1:12:31 Running Both Apps Together
1:15:55 Setting Up TailwindCSS
1:19:30 Setting Up ShadCN/UI
1:26:00 Formatting Code With Prettier
1:31:02 Automating Pre-Commit Checks With Husky
1:37:53 Project: Building a ChatBot
1:38:22 Building the Backend
1:38:58 Building the Chat API
1:45:25 Testing the API
1:47:22 Managing Conversation State
1:53:44 Input Validation
1:59:33 Error Handling
2:01:52 Refactoring the Chat API
2:04:00 Extracting Conversation Repository
2:09:21 Extracting Chat Service
2:16:05 Extracting Chat Controller
2:20:03 Extracting Routes
2:24:55 Building the Frontend

#ai #aiappdevelopment #aicourses",2025-08-25T12:30:06Z,"ai course, learn ai, ai course for developers, ai engineering, react js, react.js, full-stack development, code with mosh, programming with mosh, mosh hamedani, large language models, llm, ai, genai, reactjs, generative ai, llms, gen ai, artificial intelligence, ai engineer, ai full course, ai for beginners, openai, ai developer, ai applications, programming, chatbots",27,en,en,https://i.ytimg.com/vi/PtETUYa3i2Q/default.jpg,PT2H25M40S,75179,2686,186,public
V7TMkZH1AkM,A Practical AI Course for Developers is Coming...,"I‚Äôve been working on something special ‚Äî can‚Äôt wait to share it with you soon. Watch this space.

‚ù§Ô∏è Join this channel to get access to perks:
https://www.youtube.com/channel/UCWv7vMbMWH4-V0ZXdmDpPBA/join

‚úã Stay connected:
- Full Courses: https://codewithmosh.com
- Twitter: https://twitter.com/moshhamedani
- Facebook: https://www.facebook.com/programmingwithmosh/
- Instagram: https://www.instagram.com/codewithmosh.official/
- LinkedIn: https://www.linkedin.com/school/codewithmosh/",2025-08-18T23:46:05Z,"react tutorial, react course, ai engineer, ai, learn ai, ai course, software engineering, code with mosh, programming with mosh, mosh hamedani",27,en,en,https://i.ytimg.com/vi/V7TMkZH1AkM/default.jpg,PT51S,31733,1618,159,public
h4FRpDGuJyI,"Microsoft laid off 6,000 people‚Ä¶ but why?","Everyone‚Äôs talking about the layoffs ‚Äî but no one‚Äôs asking the right questions. This goes way deeper than AI. Let‚Äôs break it down.

Level up your coding skills: https://codewithmosh.com

‚úã Stay connected:
- Twitter: https://twitter.com/moshhamedani
- Facebook: https://www.facebook.com/programmingwithmosh/
- Instagram: https://www.instagram.com/codewithmosh.official/
- LinkedIn: https://www.linkedin.com/school/codewithmosh/",2025-05-20T11:30:41Z,"layoffs, microsoft layoffs, tech industry layoffs, layoffs in tech, tech layoffs, intel layoffs, amazon layoffs, tech job, tech, tech jobs, navigating layoffs, code with mosh, programming with mosh, mosh hamedani, artificial intelligence, ai jobs, ai job loss",27,en,en,https://i.ytimg.com/vi/h4FRpDGuJyI/default.jpg,PT3M53S,92906,4327,377,public
EWd3_I4X32g,Spring Boot Project: Build a REST API for an E-commerce Platform,"Learn how to build a REST API for an e-commerce platform. Perfect for Java developers looking to enhance their skills with hands-on Spring Boot projects!

üöÄ Want to dive deeper?
- Get the full course: https://mosh.link/spring-boot-api-development
- Subscribe for more videos like this: https://goo.gl/6PYaGF

üí° Related tutorials 
https://youtu.be/gJrjgg1KVL4?si=bgsORKFCW0utvTEZ
https://youtu.be/eIrMbAQSU34?si=Uw0R6GZ4DM0sanYR
https://youtu.be/7S_tz1z_5bA?si=RvQs6awyciFtDeel

‚úã Stay connected:
- Full Courses: https://codewithmosh.com
- Twitter: https://twitter.com/moshhamedani
- Facebook: https://www.facebook.com/programmingwithmosh/
- Instagram: https://www.instagram.com/codewithmosh.official/
- LinkedIn: https://www.linkedin.com/school/codewithmosh/

üìñ Table of Content
0:00:00 Welcome
0:01:31 What You‚Äôll Learn
0:03:41 Prerequisites
0:04:59 Starter Project
0:09:07 How to Take This Course
0:10:29 Spring MVC
0:11:19 How the Web Works
0:16:31 What is Spring MVC?
0:18:09 Creating a Controller
0:22:23 View Templates
0:25:50 Passing Data to Views
0:27:49 Building an API
0:32:18 Spring Boot Course
0:32:51 RESTful APIs
0:33:49 Creating Your First RESTful API
0:37:49 Calling APIs with Postman
0:40:25 Creating Dynamic Routes
0:43:54 Setting HTTP Status Codes
0:46:56 Data Transfer Objects
0:51:47 Mapping Objects Using MapStruct
0:56:43 Customizing Response Data
1:01:45 Extracting Query Parameters
1:09:58 Exercise: Building Product Endpoints
1:20:17 Extracting Request Headers
1:23:07 Extracting Request Body
1:26:25 Creating Resources
1:35:52 Updating Resources
1:41:38 Deleting Resources
1:43:31 Handling Action-Based Updates
1:48:25 Exercise: Building a CRUD API
1:59:40 Spring Boot Course

#springboot #java #backend",2025-04-16T21:49:36Z,"spring boot project, spring boot crash course, spring boot 3.0, spring boot advanced, mosh hamedani, programming with mosh, code with mosh, spring boot, java, spring boot full course, spring boot tutorial, spring framework",27,en,en,https://i.ytimg.com/vi/EWd3_I4X32g/default.jpg,PT2H17S,147529,2720,127,public
M5B-xBmznok,Part 2 of my Spring Boot course dropping soon!,"‚ù§Ô∏è Join this channel to get access to perks:
https://www.youtube.com/channel/UCWv7vMbMWH4-V0ZXdmDpPBA/join

‚úã Stay connected:
- Full Courses: https://codewithmosh.com
- Twitter: https://twitter.com/moshhamedani
- Facebook: https://www.facebook.com/programmingwithmosh/
- Instagram: https://www.instagram.com/codewithmosh.official/
- LinkedIn: https://www.linkedin.com/school/codewithmosh/",2025-04-16T12:30:33Z,,27,en,en,https://i.ytimg.com/vi/M5B-xBmznok/default.jpg,PT45S,18818,669,10,public
Iqz7BWePOys,How Spring Boot Can Be A Game Changer For Your Career,,2025-03-12T13:48:34Z,"what is spring boot, spring boot tutorial, spring boot, getting started with spring boot, what is spring mvc, spring vs spring boot, spring boot java, java frameworks, programming, java spring boot, introduction to spring boot, what is spring boot in java, programming with mosh, code with mosh, mosh hamedani, spring boot in 1 minute, learn spring boot, spring boot vs spring framework",27,en,en,https://i.ytimg.com/vi/Iqz7BWePOys/default.jpg,PT2M50S,20653,1925,19,public
v73-ps01c5w,How Spring Boot Can Be A Game Changer For Your Career,"Learn how Spring Boot simplifies Java development and why it's a must-have skill for developers!

üöÄ Want to build your first Spring Boot application? Watch my tutorial here: https://youtu.be/gJrjgg1KVL4?si=iyduMaeArvy2xlJg

‚ù§Ô∏è Join this channel to get access to perks:
https://www.youtube.com/channel/UCWv7vMbMWH4-V0ZXdmDpPBA/join

‚úã Stay connected:
- Full Courses: https://codewithmosh.com
- Twitter: https://twitter.com/moshhamedani
- Facebook: https://www.facebook.com/programmingwithmosh/
- Instagram: https://www.instagram.com/codewithmosh.official/
- LinkedIn: https://www.linkedin.com/school/codewithmosh/

#springboot #java #backend",2025-03-04T12:01:21Z,"what is spring boot, spring boot tutorial, spring boot, getting started with spring boot, what is spring mvc, spring vs spring boot, spring boot java, java frameworks, programming, java spring boot, introduction to spring boot, what is spring boot in java, programming with mosh, code with mosh, mosh hamedani, spring boot in 1 minute, learn spring boot, spring boot vs spring framework",27,en,en,https://i.ytimg.com/vi/v73-ps01c5w/default.jpg,PT4M5S,75339,1856,94,public
gJrjgg1KVL4,Spring Boot Tutorial for Beginners [2025],"Master Spring Boot and build amazing backends with Java! üöÄ This beginner-friendly tutorial covers everything you need to learn Spring Boot 3.

üöÄ Want to dive deeper?
- Get the full course: https://mosh.link/spring-boot-fundamentals
- Subscribe for more videos like this: https://goo.gl/6PYaGF

üí° Related tutorials 
https://youtu.be/EWd3_I4X32g?si=IbbN5SMYQrQJe-ek

üëâ Interested in trying IntelliJ IDEA Ultimate? https://jb.gg/intellij-idea-for-mosh
üëâ JetBrains has given me a 100% discount code! Use 'Spring_with_Mosh' to enjoy IntelliJ IDEA Ultimate for 3 months completely free! Redeem it here until April 1, 2026: https://jb.gg/redeem

üí° Related tutorials 
https://youtu.be/eIrMbAQSU34?si=Uw0R6GZ4DM0sanYR
https://youtu.be/7S_tz1z_5bA?si=RvQs6awyciFtDeel

‚úã Stay connected:
- Full Courses: https://codewithmosh.com
- Twitter: https://twitter.com/moshhamedani
- Facebook: https://www.facebook.com/programmingwithmosh/
- Instagram: https://www.instagram.com/codewithmosh.official/
- LinkedIn: https://www.linkedin.com/school/codewithmosh/

üìñ Table of Content
0:00:00 Welcome
0:01:12 Prerequisites
0:02:02 Course Structure
0:03:44 Source Code
0:05:01 Getting Started
0:05:48 Introduction to Spring Boot
0:08:30 Setting Up the Development Environment
0:11:55 Creating a Spring Boot Project
0:15:38 Understanding the Project Structure
0:19:37 Dependency Management
0:27:28 Building Your First Spring Controller
0:31:41 The Ultimate Spring Boot Course 
0:32:16 Running Spring Boot Applications
0:34:40 Debugging Spring Boot Applications
0:40:34 Automatic Restarts
0:44:12 Configuring Application Properties
0:46:49 Dependency Injection
0:47:48 What is Dependency Injection?
0:55:30 Constructor Injection
1:00:25 Setter Injection
1:03:05 The Spring IoC Container
1:05:58 Configuring Beans Using Annotations
1:10:59 What's Next 

#springboot #java #backend",2025-02-26T12:30:48Z,"spring boot tutorial, spring boot tutorial for begineers, spring boot, java spring tutorial, java spring boot, web development, java, spring boot full course, learn spring boot, spring boot course, code with mosh, spring boot for beginners, spring boot 3, spring boot 3.0, mosh hamedani, programming with mosh, programming, spring framework, java springboot, java backend, java web development, java spring, spring boot basics, spring boot crash course",27,en,en,https://i.ytimg.com/vi/gJrjgg1KVL4/default.jpg,PT1H11M22S,619552,11052,409,public
lvg8pBJ2kFg,You asked for it. It‚Äôs finally happening!,"‚ù§Ô∏è Join this channel to get access to perks:
https://www.youtube.com/channel/UCWv7vMbMWH4-V0ZXdmDpPBA/join

‚úã Stay connected:
- Full Courses: https://codewithmosh.com
- Twitter: https://twitter.com/moshhamedani
- Facebook: https://www.facebook.com/programmingwithmosh/
- Instagram: https://www.instagram.com/codewithmosh.official/
- LinkedIn: https://www.linkedin.com/school/codewithmosh/",2025-02-18T12:30:46Z,"spring boot tutorial, spring boot, spring boot course, spring boot tutorial for begineers, spring boot for beginners, spring boot 3, programming with mosh, code with mosh, mosh hamedani, programming, web development",27,en,en,https://i.ytimg.com/vi/lvg8pBJ2kFg/default.jpg,PT1M15S,34626,1175,148,public
K5KVEU3aaeQ,Python Full Course for Beginners [2025],"Master Python from scratch üöÄ No fluff‚Äîjust clear, practical coding skills to kickstart your journey! 

‚ù§Ô∏è Join this channel to get access to perks:
https://www.youtube.com/channel/UCWv7vMbMWH4-V0ZXdmDpPBA/join

üöÄ Want to dive deeper?
- Check out my Python mastery course: https://mosh.link/python-course
- Subscribe for more awesome Python content: https://goo.gl/6PYaGF

üîó Related videos 
https://youtu.be/yVl_G-F7m8c?si=aoIiT6CyaRRfBsRM

‚úã Stay connected:
- Full Courses: https://codewithmosh.com
- Twitter: https://twitter.com/moshhamedani
- Facebook: https://www.facebook.com/programmingwithmosh/
- Instagram: https://www.instagram.com/codewithmosh.official/
- LinkedIn: https://www.linkedin.com/school/codewithmosh/

üìñ Table of Content
0:00:00 Introduction
0:00:56 What is Python?
0:04:11 Installing Python
0:05:36 Python Interpreter
0:07:30 Code Editors
0:08:49 Your First Python Program
0:12:25 Python Extension
0:14:26 Linting Python Code
0:18:40 Formatting Python Code
0:22:51 Running Python Code
0:24:30 Python Implementations
0:26:59 How Python Code is Executed
0:29:45 Quiz
0:31:17 Python Mastery Course
0:31:44 Variables
0:34:48 Variable Names
0:37:51 Strings
0:43:20 Escape Sequences
0:46:01 Formatted Strings
0:48:09 String Methods
0:54:03 Numbers
0:56:50 Working With Numbers
0:58:59 Type Conversion
1:04:03 Quiz
1:06:43 Comparison Operators
1:08:46 Conditional Statements
1:12:56 Ternary Operator
1:15:04 Logical Operators
1:19:07 Short-circuit Evaluations
1:21:13 Chaining Comparison Operators
1:22:35 Quiz
1:24:18 For Loops
1:27:56 For..Else
1:30:42 Nested Loops
1:33:26 Iterables
1:36:34 While Loops
1:41:33 Infinite Loops
1:43:10 Exercise
1:45:13 Defining Functions
1:47:37 Arguments
1:49:57 Types of Functions
1:53:59 Keyword Arguments
1:55:59 Default Arguments
1:57:34 xargs

#Python #AI #MachineLearning #WebDevelopment",2025-02-12T12:30:31Z,"python full course, python full course for begginers, python beginners course, python complete course, python full tutorial, python tutorial, python programming tutorial, python tutorial for beginners, learn python, python basics, programming tutorial, python crash course, complete python course, python, python course, python programming, python for everybody, programming with mosh, mosh hamedani, code with mosh",27,en,en,https://i.ytimg.com/vi/K5KVEU3aaeQ/default.jpg,PT2H2M21S,3843496,94861,2504,public
NClmyC6olC0,Top Programming Languages to Learn in 2025,"Want to future-proof your coding skills? Discover the top programming languages that will dominate in 2025, with real-world use cases and career insights. Don‚Äôt miss out‚Äîstay ahead in tech!

‚ù§Ô∏è Join this channel to get access to perks:
https://www.youtube.com/channel/UCWv7vMbMWH4-V0ZXdmDpPBA/join

üîó Tutorials 
https://youtu.be/_uQrJ0TkZlc?si=PlSZ9OJl2sku4sIH
https://youtu.be/kqtD5dpn9C8?si=tr53YlfyrMqsi_RF
https://youtu.be/eIrMbAQSU34?si=n1fSY_7d96rzzomX
https://youtu.be/W6NZfCO5SIk?si=uaOUNhKhr2dOySV2
https://youtu.be/d56mG7DezGs?si=Kpc4FFmYOWKvpPIc
https://youtu.be/7S_tz1z_5bA?si=83GhWNiU_J9MB2e2
https://youtu.be/ZzaPdXTrSb8?si=Ve9Y4HTogsj_pJLM

‚úã Stay connected:
- Full Courses: https://codewithmosh.com
- Twitter: https://twitter.com/moshhamedani
- Facebook: https://www.facebook.com/programmingwithmosh/
- Instagram: https://www.instagram.com/codewithmosh.official/
- LinkedIn: https://www.linkedin.com/school/codewithmosh/

#coding #programming",2025-01-22T12:30:18Z,"top programming languages, top coding languages in demand, top programming languages 2025, best coding language to learn, popular languages, coding, most popular programming language, top coding languages, coding languages",27,en,en,https://i.ytimg.com/vi/NClmyC6olC0/default.jpg,PT4M14S,263641,7232,527,public
v7BNtpw53AA,The Complete Cybersecurity Roadmap: Land a Cybersecurity Job in 10 Months,"The complete step-by-step roadmap to land your first cybersecurity job in 10 months or less.

‚ù§Ô∏è Join this channel to get access to perks:
https://www.youtube.com/channel/UCWv7vMbMWH4-V0ZXdmDpPBA/join

‚úã Stay connected:
- Full Courses: https://codewithmosh.com
- Twitter: https://twitter.com/moshhamedani
- Facebook: https://www.facebook.com/programmingwithmosh/
- Instagram: https://www.instagram.com/codewithmosh.official/
- LinkedIn: https://www.linkedin.com/school/codewithmosh/

üìö Tutorials 

https://youtu.be/_uQrJ0TkZlc?si=CgNwkAU760a5nRA6
https://youtu.be/kqtD5dpn9C8?si=09gTE-7ltWEZSuqQ

#cybersecurity #coding #techjobs",2025-01-14T12:31:01Z,"cybersecurity roadmap, cyber security roadmap, how to get a cyber job, cybersecurity, cybersecurity jobs, penetration testing, cyber security, cyber security career, coding, programming, programming with mosh, code with mosh, mosh hamedani, entry level cybersecurity jobs, soc analyst, pentesting",27,en,en,https://i.ytimg.com/vi/v7BNtpw53AA/default.jpg,PT5M54S,465973,17032,476,public
gdiao7L9GjE,From Zero to Blockchain Developer in 10 Months: Complete Roadmap,"Go from zero to a blockchain developer in 10 months. This step-by-step roadmap covers the essential skills and latest technologies to become a blockchain developer. 

‚ù§Ô∏è Join this channel to get access to perks:
https://www.youtube.com/channel/UCWv7vMbMWH4-V0ZXdmDpPBA/join

Download the FREE roadmap PDF: https://mosh.link/blockchain-roadmap

‚úã Stay connected:

- Full Courses: https://codewithmosh.com
- Twitter: https://twitter.com/moshhamedani
- Facebook: https://www.facebook.com/programmingwithmosh/
- Instagram: https://www.instagram.com/codewithmosh.official/
- LinkedIn: https://www.linkedin.com/school/codewithmosh/

üìö Tutorials 

https://youtu.be/_uQrJ0TkZlc?si=CgNwkAU760a5nRA6
https://youtu.be/kqtD5dpn9C8?si=09gTE-7ltWEZSuqQ
https://youtu.be/W6NZfCO5SIk?si=yS0lQXyy3qwQF3DA
https://youtu.be/8JJ101D3knE?si=OGTuS35LQqSunuhh
https://youtu.be/BBpAmxU_NQo?si=dm-ZCPxVBYWS1Qhn
https://youtu.be/SqcY0GlETPk?si=4byQs5W3qyG-011L

#blockchain #coding #techjobs",2025-01-07T12:30:49Z,"blockchain developer, roadmap for blockchain developer, become a blockchain developer, tech jobs, how to become a blockchain developer, become blockchain developer, ethereum developer, solidity, blockchain developer roadmap, blockchain developer career, blockchain, blockchain development, code with mosh, programming with mosh, mosh hamedani",27,en,en,https://i.ytimg.com/vi/gdiao7L9GjE/default.jpg,PT4M59S,206175,6609,334,public
zVEH7Zt1j9A,Top Tech Jobs for 2025: High Demand & High Pay,"‚ù§Ô∏è Join this channel to get access to perks:
https://www.youtube.com/channel/UCWv7vMbMWH4-V0ZXdmDpPBA/join

‚úã Stay connected:
- Full Courses: https://codewithmosh.com
- Twitter: https://twitter.com/moshhamedani
- Facebook: https://www.facebook.com/programmingwithmosh/
- Instagram: https://www.instagram.com/codewithmosh.official/
- LinkedIn: https://www.linkedin.com/school/codewithmosh/",2024-12-27T12:30:58Z,"tech jobs, tech job market, software engineering, tech careers, career advice, job market, tech, coding jobs, software engineering jobs, tech career, code with mosh, programming with mosh, mosh hamedani, coding, highest paying jobs",27,en,en,https://i.ytimg.com/vi/zVEH7Zt1j9A/default.jpg,PT2M2S,32816,1307,50,public
fZmQ_aPXJAM,The Best Tech Jobs for 2025: High Demand & High Pay,"Curious about the best tech careers for 2025? Find out which roles are in demand, what they pay, and why they matter in today‚Äôs fast-changing world of tech.

‚ù§Ô∏è Join this channel to get access to perks:
https://www.youtube.com/channel/UCWv7vMbMWH4-V0ZXdmDpPBA/join

üöÄ Roadmaps: https://youtube.com/playlist?list=PLTjRvDozrdlx82aIrsHY_Ndr3mKGK4tgq&si=JjJvrStpQ75JFAeZ

‚úã Stay connected:
- Full Courses: https://codewithmosh.com
- Twitter: https://twitter.com/moshhamedani
- Facebook: https://www.facebook.com/programmingwithmosh/
- Instagram: https://www.instagram.com/codewithmosh.official/
- LinkedIn: https://www.linkedin.com/school/codewithmosh/

#coding #tech #techcareers",2024-12-24T13:30:06Z,"tech jobs, tech job market, software engineering, tech careers, career advice, job market, tech, coding jobs, software engineering jobs, tech career, code with mosh, programming with mosh, mosh hamedani, coding, highest paying jobs",27,en,en,https://i.ytimg.com/vi/fZmQ_aPXJAM/default.jpg,PT5M16S,532482,12153,638,public
AD43TVI2S0A,Mosh's Christmas Gift to You!,üéâ Sign up today to redeem this offer: https://codewithmosh.com/p/all-access,2024-12-13T16:30:04Z,"mosh hamedani, programming with mosh, code with mosh, codewithmosh, programmingwithmosh",27,en,en,https://i.ytimg.com/vi/AD43TVI2S0A/default.jpg,PT1M24S,24438,822,112,public
AQdMaSaHWdM,Don't Miss Mosh's Black Friday Sale!,üéâ Black Friday Special: https://mosh.link/bf2024,2024-11-25T13:00:11Z,"black friday sale, black friday tech deals, code with mosh, programming with mosh, mosh hamedani, programming, coding, black friday, black friday deals, black friday 2024, self taught programmer, how to code, coding advice, learn to code, coding mistakes",27,en,en,https://i.ytimg.com/vi/AQdMaSaHWdM/default.jpg,PT2M14S,15689,591,47,public
YNtWJNPCPPs,Don't Miss Mosh's Black Friday Sale!,"üéâ Black Friday Special [Offer ends November 30th]: https://mosh.link/bf2024

Don‚Äôt let Tutorial Syndrome hold you back. Take control of your coding journey today!",2024-11-23T14:00:25Z,"black friday sale, black friday tech deals, code with mosh, programming with mosh, mosh hamedani, programming, coding, black friday, black friday deals, black friday 2024, self taught programmer, how to code, coding advice, learn to code, coding mistakes",27,en,en,https://i.ytimg.com/vi/YNtWJNPCPPs/default.jpg,PT2M14S,102023,1126,150,public
BGZB9dn0GV4,3 Problems with AI-Generated Code,"AI was supposed to change coding forever, but it's creating new problems no one saw coming. Let‚Äôs break down what this means for developers and why the AI hype bubble might be popping.

Get 2 month's of YouTube Premium Free: youtube.com/premium?cc=programmingwithmosh&utm_campaign=ytpcreator

Monthly paid subscription. Price per month varies. First 2 months free. Terms apply. Cancel anytime. If you subscribe through the link in this post or the banner appearing in this video, I may get a commission.

üîó Related Videos: 

https://youtu.be/4gX44uyGSHo?si=oMV6zLiFlGLEnt-Z
https://youtu.be/HXH4yu227EQ?si=4-f1ba7v6PRCQ6lz
https://youtu.be/XKkoVpupYdw?si=IeiBMEjtPT3k7lii

‚úã Stay connected:


- Twitter: https://twitter.com/moshhamedani
- Facebook: https://www.facebook.com/programmingwithmosh/
- Instagram: https://www.instagram.com/codewithmosh.official/
- LinkedIn: https://www.linkedin.com/school/codewithmosh/

#ai #coding #programming",2024-11-15T13:00:19Z,"learn to code, web development, artificial intelligence, code beginner, software engineering, self taught programmer, web dev, career in tech, software developer job, coding, programming, code with mosh, programming with mosh, mosh hamedani, ai, openai, chatgpt, github copilot, claude, software development, cursor ai, coding with ai, cursor, copilot, generative ai",27,en,en,https://i.ytimg.com/vi/BGZB9dn0GV4/default.jpg,PT8M40S,90363,3765,397,public
yVl_G-F7m8c,Python Projects for Beginners ‚Äì Master Problem-Solving! üöÄ,"Improve your Python programming skills with these handpicked Python projects. 

üöÄ Want to dive deeper?
- Get 13 more Python projects (beginner to intermediate): https://mosh.link/python-projects
- Subscribe for more videos like this: https://goo.gl/6PYaGF

‚úã Stay Connected

- Complete courses: https://codewithmosh.com
- Twitter: https://twitter.com/moshhamedani
- Facebook: https://www.facebook.com/programmingwithmosh/
- Instagram: https://www.instagram.com/codewithmosh.official/
- LinkedIn: https://www.linkedin.com/school/codewithmosh/

üìö Course Materials

- Project handbook: https://mosh.link/python-projects-for-beginners-handbook
- Source code: https://github.com/mosh-hamedani/python-projects-for-beginners

üîó Resources

- Python for Beginners Tutorial: https://youtu.be/_uQrJ0TkZlc?si=-5__g_UzLEp84VSh
- Complete Python Mastery Course: https://codewithmosh.com/p/python-programming-course-beginners

üìñ Course Content 

00:00 ‚Äì Welcome
00:54 ‚Äì Prerequisites
01:49 ‚Äì Course Materials
02:34 ‚Äì How to Take This Course
04:14 ‚Äì Dice Rolling Game
10:31 ‚Äì Number Guessing Game
18:14 ‚Äì Rock, Paper, Scissors Game
33:35 ‚Äì Refactoring: Modularizing Code
40:14 ‚Äì Refactoring: Applying the DRY Principle
45:28 ‚Äì QR Code Generator

#python #pythonforbeginners #pythonprojects #pythontutorial",2024-09-10T13:01:00Z,"python projects for beginners, beginner python projects, python tutorial, python programming projects, python project ideas, mini python project, python for beginners, python coding, learn python, python project, python beginner projects, python projects, mini python projects, python basics, python tutorial for beginners, introduction to python, programming for beginners, python projects with source code",27,en,en,https://i.ytimg.com/vi/yVl_G-F7m8c/default.jpg,PT53M,585000,13425,491,public
6GQRb4fGvtk,The Complete DevOps Roadmap,"Go from zero to a DevOps Engineer in 10-14 months. This step-by-step roadmap covers the essential skills you need to become a DevOps Engineer in 2024. 

‚ù§Ô∏è Join this channel to get access to perks:
https://www.youtube.com/channel/UCWv7vMbMWH4-V0ZXdmDpPBA/join

Download the FREE roadmap PDF here: https://mosh.link/devops-roadmap

‚úã Stay connected

- Complete courses: https://codewithmosh.com
- Twitter: https://twitter.com/moshhamedani
- Facebook: https://www.facebook.com/programmingwithmosh/
- Instagram: https://www.instagram.com/codewithmosh.official/
- LinkedIn: https://www.linkedin.com/school/codewithmosh/

üìö Tutorials 

https://youtu.be/_uQrJ0TkZlc?si=ZhlCrQs1SkaPNVa8
https://youtu.be/8JJ101D3knE?si=OGTuS35LQqSunuhh
https://youtu.be/pTFZFxd4hOI?si=DkijlBq9w076bm2l

üìñ Chapters

00:00 - Introduction
00:25 - Linux Fundamentals
00:59 - Networking Concepts
01:38 - Git
02:03 - Programming Languages
03:03 - Cloud Providers
03:36 - Containerization
04:04 - Continuous Integration/Continuous Deployment (CI/CD)
04:51 - Container Orchestration
05:28 - Networking & Infrastructure Services 
06:00 - Configuration Management 
06:26 - Infrastructure as Code (IaC)
07:04 - Monitoring & Logging

#devops",2024-08-15T13:00:08Z,"devops roadmap, devops, aws, devops engineer skills, devops path, learn devops from scratch, how to become a devops engineer, devops career path, devops for beginners, code with mosh, mosh hamedani, programming with mosh, is coding required for devops, learn devops, ansible, azure, devops toolkit, docker",27,en,en,https://i.ytimg.com/vi/6GQRb4fGvtk/default.jpg,PT8M1S,478583,13967,435,public
YRJbhFLLPyE,The Complete Data Analyst Roadmap,"Go from zero to a data analyst in 8-16 months. This step-by-step roadmap covers the essential skills you must learn to become a data analyst in 2024. 

‚ù§Ô∏è Join this channel to get access to perks:
https://www.youtube.com/channel/UCWv7vMbMWH4-V0ZXdmDpPBA/join

Download the FREE roadmap PDF here: https://mosh.link/data-analyst-roadmap

‚úã Stay connected

- Complete courses: https://codewithmosh.com
- Twitter: https://twitter.com/moshhamedani
- Facebook: https://www.facebook.com/programmingwithmosh/
- Instagram: https://www.instagram.com/codewithmosh.official/
- LinkedIn: https://www.linkedin.com/school/codewithmosh/

üìö Tutorials 

https://youtu.be/_uQrJ0TkZlc?si=ZhlCrQs1SkaPNVa8
https://youtu.be/8JJ101D3knE?si=OGTuS35LQqSunuhh
https://youtu.be/7S_tz1z_5bA?si=QL7s_M2Ao90RDwG8

üìñ Chapters

00:00 - Introduction
00:20 - Mathematics & Statistics
00:42 - Excel
00:59 - SQL
01:18 - Python 
01:41 - Git 
02:23 - Data Collection and Preprocessing
02:39 - Data Visualization 
03:07 - Machine Learning Fundamentals
03:26 - Big Data

#dataanalyst #datascience #machinelearning",2024-08-06T13:00:37Z,"data analyst roadmap, data analyst, machine learning, data science, excel, how to become a data analyst, data analyst beginner, data analytics career, how to become data analyst, become a data analyst, step by step roadmap to become data analyst, data analytics, power bi, complete data analyst roadmap, code with mosh, programming with mosh, mosh hamedani",27,en,en,https://i.ytimg.com/vi/YRJbhFLLPyE/default.jpg,PT4M8S,546985,15020,323,public
9R3X0JoCLyU,The Complete Data Science Roadmap,"Go from zero to a data scientist in 12 months. This step-by-step roadmap covers the essential skills you must learn to become a data scientist in 2024. 

‚ù§Ô∏è Join this channel to get access to perks:
https://www.youtube.com/channel/UCWv7vMbMWH4-V0ZXdmDpPBA/join

Download the FREE roadmap PDF here: https://mosh.link/data-science-roadmap

‚úã Stay connected

- Complete courses: https://codewithmosh.com
- Twitter: https://twitter.com/moshhamedani
- Facebook: https://www.facebook.com/programmingwithmosh/
- Instagram: https://www.instagram.com/codewithmosh.official/
- LinkedIn: https://www.linkedin.com/school/codewithmosh/

üìö Tutorials 

https://youtu.be/_uQrJ0TkZlc?si=ZhlCrQs1SkaPNVa8
https://youtu.be/8JJ101D3knE?si=OGTuS35LQqSunuhh
https://youtu.be/BBpAmxU_NQo?si=dm-ZCPxVBYWS1Qhn
https://youtu.be/7S_tz1z_5bA?si=QL7s_M2Ao90RDwG8

üìñ Chapters

00:00 - Introduction
00:24 - Programming Languages
00:45 - Version Control
01:05 - Data Structures & Algorithms 
01:25 - SQL
02:08 - Mathematics & Statistics
02:30 - Data Handling and Visualization
03:19 - Machine Learning
04:01 - Deep Learning
04:35 - Specialization
05:24 - Big Data

#datascience #machinelearning #ai #coding #programming",2024-08-01T13:00:08Z,"data science roadmap, data science roadmap for beginners, complete data science roadmap, how to become data scientist, learn data science roadmap, data science for beginners, how to become a data scientist, code with mosh, programming with mosh, mosh hamedani, data science, tech career, data scientist roadmap, data science learning path, tech skills, career development, learn data science, data engineer, how to learn data science, machine learning",27,en,en,https://i.ytimg.com/vi/9R3X0JoCLyU/default.jpg,PT6M13S,565492,17109,398,public
GxmfcnU3feo,The Complete Web Development Roadmap,"Go from zero to a full stack web developer in 12 months. This step-by-step roadmap covers the essential skills and latest technologies to become a web developer in 2024. 

‚ù§Ô∏è Join this channel to get access to perks:
https://www.youtube.com/channel/UCWv7vMbMWH4-V0ZXdmDpPBA/join

Download the FREE roadmap PDF here: https://mosh.link/web-roadmap

‚úã Stay connected

- Complete courses: https://codewithmosh.com
- Twitter: https://twitter.com/moshhamedani
- Facebook: https://www.facebook.com/programmingwithmosh/
- Instagram: https://www.instagram.com/codewithmosh.official/
- LinkedIn: https://www.linkedin.com/school/codewithmosh/

üîó Other roadmaps

https://youtu.be/7IgVGSaQPaw?si=nBuvDkGY314211WM
https://youtu.be/yye7rSsiV6k?si=NNyTV354jvuKVzpu

üìö Backend Tutorials 

https://youtu.be/_uQrJ0TkZlc?si=QA5qvbvk60uP-7Gu
https://youtu.be/eIrMbAQSU34?si=PmdmS1vo9Gp4yRxR
https://youtu.be/8JJ101D3knE?si=OGTuS35LQqSunuhh
https://youtu.be/BBpAmxU_NQo?si=dm-ZCPxVBYWS1Qhn
https://youtu.be/NU_1StN5Tkk?si=gsMONPdgxouQOolu
https://youtu.be/7S_tz1z_5bA?si=wUNE0zrN_6uWrO7d
https://youtu.be/rHux0gMZ3Eg?si=w1h0R4U8freF5xPT

üìö Frontend Tutorials 

https://youtu.be/qz0aGYrrlhU?si=8d3Q5kiE83nMJZAG
https://youtu.be/W6NZfCO5SIk?si=WXcgkjHSsGFyXZC2
https://youtu.be/d56mG7DezGs?si=Bng_nVPU7VQrxaa7
https://youtu.be/8JJ101D3knE?si=OGTuS35LQqSunuhh
https://youtu.be/SqcY0GlETPk?si=hbktR9plzOgfuvpZ
https://youtu.be/ZVnjOPwW4ZA?si=VG6XInWdFW8d0Sog
https://youtu.be/zuKbR4Q428o?si=U_e5ITtUGFptQoqw
https://youtu.be/0-S5a0eXPoc?si=1l1qX0YwbQN7BEuo

üìñ Chapters

00:00 - Web Development 
01:04 - Back-end Development 
08:58 - Front-end Development 

#programming #webdevelopment #coding",2024-07-25T13:00:16Z,"web development roadmap, full stack roadmap, learn to code, full stack development, web development, programming, coding, code with mosh, programming with mosh, mosh hamedani, frontend, backend, software engineering",27,en,en,https://i.ytimg.com/vi/GxmfcnU3feo/default.jpg,PT15M15S,1014323,21505,709,public
7IgVGSaQPaw,The Complete Machine Learning Roadmap,"Go from zero to a machine learning engineer in 12 months. This step-by-step roadmap covers the essential skills you must learn to become a machine learning engineer in 2024. 

‚ù§Ô∏è Join this channel to get access to perks:
https://www.youtube.com/channel/UCWv7vMbMWH4-V0ZXdmDpPBA/join

Download the FREE roadmap PDF here: https://mosh.link/machine-learning-roadmap

‚úã Stay connected

- Complete courses: https://codewithmosh.com
- Twitter: https://twitter.com/moshhamedani
- Facebook: https://www.facebook.com/programmingwithmosh/
- Instagram: https://www.instagram.com/codewithmosh.official/
- LinkedIn: https://www.linkedin.com/school/codewithmosh/

üîó Other roadmaps

https://youtu.be/Tef1e9FiSR0?si=QpVnZ_o9-DAXzT71
https://youtu.be/OeEHJgzqS1k?si=qd0ZIqAzUpZQn6BX

üìö Tutorials 

https://youtu.be/_uQrJ0TkZlc?si=ZhlCrQs1SkaPNVa8
https://youtu.be/8JJ101D3knE?si=OGTuS35LQqSunuhh
https://youtu.be/BBpAmxU_NQo?si=dm-ZCPxVBYWS1Qhn
https://youtu.be/7S_tz1z_5bA?si=QL7s_M2Ao90RDwG8

üìñ Chapters

00:00 - Introduction
00:20 - Programming Languages
00:42 - Version Control
01:03 - Data Structures & Algorithms 
01:35 - SQL
01:55 - The Complete Roadmap PDF
02:19 - Mathematics & Statistics
02:40 - Data Handling 
03:15 - Machine Learning Fundamentals
03:57 - Advanced Topics 
04:28 - Model Deployment

#machinelearning #ai #datascience #coding #programming",2024-07-18T13:00:06Z,"machine learning roadmap, machine learning, ml roadmap, ml career path, complete machine learning roadmap, machine learning python, roadmap for machine learning, code with mosh, programming with mosh, mosh hamedani, programming, coding, machine learning engineer, ai engineer roadmap, data science, tech career",27,en,en,https://i.ytimg.com/vi/7IgVGSaQPaw/default.jpg,PT5M25S,812834,23131,736,public
3ZEMvvDFEdA,Become a Mobile Developer in 12 Months! üöÄ,#mobileappdevelopment  #webdevelopment  #coding #codewithmosh,2024-07-11T13:00:07Z,"mobile development roadmap, ios developer, android developer, mobile development, coding, programming, app development roadmap, react native, flutter, code with mosh, programming with mosh, mosh hamedani",27,en,en,https://i.ytimg.com/vi/3ZEMvvDFEdA/default.jpg,PT55S,19365,959,21,public
yye7rSsiV6k,The Complete App Development Roadmap,"Go from zero to a mobile app developer in 12 months. This step-by-step roadmap covers the essential skills and latest technologies to become an app developer. 

‚ù§Ô∏è Join this channel to get access to perks:
https://www.youtube.com/channel/UCWv7vMbMWH4-V0ZXdmDpPBA/join

Download the FREE roadmap PDF here: https://mosh.link/mobile-roadmap

‚úã Stay connected

- Complete courses: https://codewithmosh.com
- Twitter: https://twitter.com/moshhamedani
- Facebook: https://www.facebook.com/programmingwithmosh/
- Instagram: https://www.instagram.com/codewithmosh.official/
- LinkedIn: https://www.linkedin.com/school/codewithmosh/

üîó Other roadmaps

https://youtu.be/Tef1e9FiSR0?si=QpVnZ_o9-DAXzT71
https://youtu.be/OeEHJgzqS1k?si=qd0ZIqAzUpZQn6BX

üìö Tutorials 

https://youtu.be/W6NZfCO5SIk?si=yS0lQXyy3qwQF3DA
https://youtu.be/8JJ101D3knE?si=OGTuS35LQqSunuhh
https://youtu.be/BBpAmxU_NQo?si=dm-ZCPxVBYWS1Qhn
https://youtu.be/NU_1StN5Tkk?si=gsMONPdgxouQOolu
https://youtu.be/SqcY0GlETPk?si=O93IXejTVuh_5cbY
https://youtu.be/0-S5a0eXPoc?si=yP7qia07NN2FMeS2


üìñ Chapters

00:00 - Introduction
00:08 - Native vs Cross-platform Development
04:08 - Languages
04:57 - Version control (Git)
05:25 - Data structures & algorithms 
06:12 - Design patterns 
07:14 - Mobile frameworks

#appdevelopment #coding #programming",2024-07-04T13:01:03Z,"app development roadmap, app development, react native, flutter, android app development, ios app development, programming, programming with mosh, code with mosh, mosh hamedani, how to make an app, coding, flutter app development, mobile development, should i use flutter",27,en,en,https://i.ytimg.com/vi/yye7rSsiV6k/default.jpg,PT7M52S,1192003,27766,714,public
IQDA39A44AA,Become a Back-end Developer in 12 Months! üöÄ,#backend #webdevelopment  #coding #codewithmosh,2024-06-19T13:00:24Z,"backend developer roadmap, how to become backend developer, web development roadmap, coding, programming, backend web development, web development, backend, learn to code, code with mosh, programming with mosh, mosh hamedani, backend developer, backend roadmap, software engineering, roadmap",27,en,en,https://i.ytimg.com/vi/IQDA39A44AA/default.jpg,PT59S,28080,1518,18,public
CxLdTIIMXuM,Become a Frontend Developer in 12 Months! üöÄ,#frontend #webdevelopment  #coding #codewithmosh,2024-06-12T13:00:21Z,"frontend developer roadmap, how to become front end developer, web development roadmap, coding, programming, software engineering, front end web development, javascript, web development, frontend, learn to code, code with mosh, programming with mosh, mosh hamedani",27,en,en,https://i.ytimg.com/vi/CxLdTIIMXuM/default.jpg,PT52S,36691,1587,17,public
OeEHJgzqS1k,The Complete Backend Developer Roadmap,"Go from zero to a backend developer in 12 months. This step-by-step roadmap covers the essential skills and latest technologies to become a backend developer in 2024. 

‚ù§Ô∏è Join this channel to get access to perks:
https://www.youtube.com/channel/UCWv7vMbMWH4-V0ZXdmDpPBA/join

Download the FREE roadmap PDF here: https://mosh.link/backend-roadmap

‚úã Stay connected

- Complete courses: https://codewithmosh.com
- Twitter: https://twitter.com/moshhamedani
- Facebook: https://www.facebook.com/programmingwithmosh/
- Instagram: https://www.instagram.com/codewithmosh.official/
- LinkedIn: https://www.linkedin.com/school/codewithmosh/

üîó Other roadmaps

https://youtu.be/Tef1e9FiSR0?si=QpVnZ_o9-DAXzT71
https://youtu.be/yye7rSsiV6k?si=4ZIpjrqeU0fJk7os

üìö Tutorials 

https://youtu.be/_uQrJ0TkZlc?si=QA5qvbvk60uP-7Gu
https://youtu.be/eIrMbAQSU34?si=PmdmS1vo9Gp4yRxR
https://youtu.be/8JJ101D3knE?si=OGTuS35LQqSunuhh
https://youtu.be/BBpAmxU_NQo?si=dm-ZCPxVBYWS1Qhn
https://youtu.be/NU_1StN5Tkk?si=gsMONPdgxouQOolu
https://youtu.be/7S_tz1z_5bA?si=wUNE0zrN_6uWrO7d
https://youtu.be/rHux0gMZ3Eg?si=w1h0R4U8freF5xPT


üìñ Chapters

00:00 - Introduction
00:08 - Programming languages 
02:48 - Version control (Git)
03:16 - Data structures & algorithms 
04:03 - Design patterns 
05:10 - Databases
07:00 - Web frameworks
08:02 - Additional skills 

#programming #webdevelopment #backend #coding",2024-06-11T13:00:30Z,"backend developer roadmap, how to become backend developer, web development roadmap, coding, programming, backend web development, web development, backend, learn to code, code with mosh, programming with mosh, mosh hamedani, backend developer, backend roadmap, software engineering, roadmap, tech career, backend skills, backend career, web development path, software roadmap, tech roadmap, web development essentials, backend essentials",27,en,en,https://i.ytimg.com/vi/OeEHJgzqS1k/default.jpg,PT8M24S,632498,17934,531,public
Tef1e9FiSR0,The Complete Frontend Developer Roadmap,"Go from zero to a frontend developer in 12 months. This step-by-step roadmap covers the essential skills and latest technologies to become a frontend developer in 2024. 

Download the FREE roadmap PDF here: https://mosh.link/frontend-roadmap

‚úã Stay connected

- Complete courses: https://codewithmosh.com
- Twitter: https://twitter.com/moshhamedani
- Facebook: https://www.facebook.com/programmingwithmosh/
- Instagram: https://www.instagram.com/codewithmosh.official/
- LinkedIn: https://www.linkedin.com/school/codewithmosh/

üîó Other roadmaps

https://youtu.be/OeEHJgzqS1k?si=aR1w8WMfdDQxx3wE
https://youtu.be/yye7rSsiV6k?si=4ZIpjrqeU0fJk7os

üìö Tutorials 

https://youtu.be/qz0aGYrrlhU?si=8d3Q5kiE83nMJZAG
https://youtu.be/W6NZfCO5SIk?si=WXcgkjHSsGFyXZC2
https://youtu.be/d56mG7DezGs?si=Bng_nVPU7VQrxaa7
https://youtu.be/8JJ101D3knE?si=OGTuS35LQqSunuhh
https://youtu.be/SqcY0GlETPk?si=hbktR9plzOgfuvpZ
https://youtu.be/ZVnjOPwW4ZA?si=VG6XInWdFW8d0Sog
https://youtu.be/zuKbR4Q428o?si=U_e5ITtUGFptQoqw
https://youtu.be/0-S5a0eXPoc?si=1l1qX0YwbQN7BEuo

üìñ Chapters

00:00 - Introduction
00:23 - Basics of web development
00:56 - How long it takes to become a front-end developer
01:10 - The complete front-end roadmap (PDF)
01:33 - Basics of front-end development 
03:33 - Version control (Git)
03:53 - TypeScript 
04:18 - UI libraries/frameworks
05:41 - CSS preprocessors
06:22 - CSS frameworks 
07:01 - Automated testing frameworks
07:43 - Meta-frameworks
08:20 - Mobile development 

#programming #webdevelopment #frontend #coding",2024-05-28T13:00:06Z,"frontend developer roadmap, how to become front end developer, web development roadmap, coding, programming, software engineering, front end web development, javascript, web development, frontend, learn to code, code with mosh, programming with mosh, mosh hamedani, frontend roadmap, tech career, software developer",27,en,en,https://i.ytimg.com/vi/Tef1e9FiSR0/default.jpg,PT8M54S,523445,17586,512,public
J-graiyPhpw,9 Reasons People Hate JavaScript,"Why does everyone HATE JavaScript? We expose its flaws, quirks, and why it's still the king of the web!

‚úã Stay connected

- Twitter: https://twitter.com/moshhamedani
- Facebook: https://www.facebook.com/programmingwithmosh/
- Instagram: https://www.instagram.com/codewithmosh.official/
- LinkedIn: https://www.linkedin.com/school/codewithmosh/

üìñ What's covered

00:00 - Introducing JavaScript
00:14 - History of JavaScript
00:32 - Coercion 
00:59 - Equality operators
01:29 - Array.sort
01:50 - Null and undefined
02:08 - The this keyword
02:23 - Classes 
02:38 - Module system
03:16 - TypeScript
03:47 - Ecosystem
04:28 - Why JavaScript is the king

#javascript #programming #webdevelopment  #coding",2024-05-17T13:00:17Z,"javascript, javascript for beginners, learn javascript, web development, javascript crash course, programming with mosh, code with mosh, mosh hamedani, javascript tutorial, learn javascript for beginners, javascript basics, javascript programming, programming tutorial, js tutorial, javascript lesson, javascript 2024, front end, programming, coding, javascript important parts, javascript essentials, javascript summary",27,en,en,https://i.ytimg.com/vi/J-graiyPhpw/default.jpg,PT4M45S,122607,3968,361,public
3WphgC4wq0I,Stop Wasting Time on the Wrong Languages,#coding #programming,2024-05-10T13:00:03Z,"web development, computer science, how to become a software engineer, coding, programming, programming with mosh, code with mosh, mosh hamedani, get a job",27,en,en,https://i.ytimg.com/vi/3WphgC4wq0I/default.jpg,PT57S,22201,1317,31,public
7IoNR3q2Jcc,Is Coding Still Worth Learning in 2024?,#coding #programming #codewithmosh,2024-05-09T13:00:07Z,"web development, computer science, how to become a software engineer, coding, programming, programming with mosh, code with mosh, mosh hamedani, get a job",27,en,en,https://i.ytimg.com/vi/7IoNR3q2Jcc/default.jpg,PT35S,37461,1343,34,public
tdFsel6-bgo,How to Get a Programming Job with No Experience,#coding #programming #codingadvice #codewithmosh,2024-05-08T13:01:00Z,"web development, computer science, how to become a software engineer, coding, programming, programming with mosh, code with mosh, mosh hamedani, get a job",27,en,en,https://i.ytimg.com/vi/tdFsel6-bgo/default.jpg,PT55S,22968,1403,30,public
8jP78iP6zVM,Do you need a college degree to be a software engineer?,,2024-05-03T13:00:11Z,,27,en,en,https://i.ytimg.com/vi/8jP78iP6zVM/default.jpg,PT43S,21874,1359,30,public
Zl1hnNOAbFQ,50 Hour Courses Are a SCAM! Here's Why...,,2024-05-02T13:00:28Z,"coding, programming, learn to code, coding resources, learning to code, coding courses, programming with mosh, code with mosh, mosh hamedani",27,en,en,https://i.ytimg.com/vi/Zl1hnNOAbFQ/default.jpg,PT32S,17914,960,33,public
cVMh0SIjp9k,YouTube Tutorials Won't Get You Hired,,2024-04-26T13:00:36Z,"how to learn to code, how to become a software engineer, software engineer, programming, computer science, big tech, day in the life of software engineer, leetcode, learn to code, learn to code for beginners, coding advice, coding mistakes, coding, coding for beginners, coding resources, code with mosh, programming with mosh, mosh hamedani, software engineering, web development",27,en,en,https://i.ytimg.com/vi/cVMh0SIjp9k/default.jpg,PT59S,21038,1423,22,public
iw0znRuaYL8,The FASTEST Way to Learn Coding & Get a Job,,2024-04-25T13:00:42Z,"how to learn to code, how to become a software engineer, software engineer, programming, computer science, big tech, day in the life of software engineer, leetcode, learn to code, learn to code for beginners, coding advice, coding mistakes, coding, coding for beginners, coding resources, code with mosh, programming with mosh, mosh hamedani, software engineering, web development",27,en,en,https://i.ytimg.com/vi/iw0znRuaYL8/default.jpg,PT31S,35292,1492,18,public
KkmSR7c9qLc,What is Automated Testing,#coding #programming #reactjs,2024-04-23T13:00:17Z,"react testing, react testing library, react testing tutorial, react testing tutorial for beginners, react testing with jest, react testing course, unit testing, code with mosh, programming with mosh, mosh hamedani, web development, vitest, jest, reactjs, react, automated testing",27,en,en,https://i.ytimg.com/vi/KkmSR7c9qLc/default.jpg,PT42S,11681,564,2,public
4gX44uyGSHo,Is Coding Still Worth Learning in 2024?,"AI replacing coders? The REAL story about software engineering in 2024. Stats, trends, and the truth you need to know.

‚úã Stay connected

- Twitter: https://twitter.com/moshhamedani
- Facebook: https://www.facebook.com/programmingwithmosh/
- Instagram: https://www.instagram.com/codewithmosh.official/
- LinkedIn: https://www.linkedin.com/school/codewithmosh/

üìñ Chapters

00:00 - Is coding still worth learning in 2024?
01:16 - Is AI replacing software engineers?
02:12 - Impact of AI on software engineering
03:31 - The problem with AI-generated code 
05:15 - How AI can help software engineers 
05:53 - Does AI really make you code faster?
07:05 - Can one AI-powered engineer do the work of many?
08:07 - Future of software engineering 

#coding #techinsider #ai",2024-04-17T13:00:07Z,"learn to code, web development, artificial intelligence, coding job, code beginner, software engineering, self taught programmer, how to learn to code, web dev, career in tech, software developer job, coding, new grad software engineer, programming, code with mosh, programming with mosh, mosh hamedani",27,en,en,https://i.ytimg.com/vi/4gX44uyGSHo/default.jpg,PT9M33S,378923,11398,842,public
FW49JfEXI3E,Never Leave VSCode Again!,#vscode #coding #programming,2024-04-16T13:00:23Z,"vscode, tutorial vscode, vs code, programming, vscode web developer, software developer tools, learn vscode in 6 minutes, coding, programming with mosh, mosh hamedani, code with mosh",27,en,en,https://i.ytimg.com/vi/FW49JfEXI3E/default.jpg,PT34S,25166,945,9,public
Vrtx9G9lEuM,Python in 1 Minute,,2024-04-13T14:00:19Z,"python for beginners, python, python programming, programming, python for everybody, python tutorial, programming with mosh, computer programming, python tips, python from scratch, python coding, what is python, python language, code with mosh, mosh hamedani",27,en,en,https://i.ytimg.com/vi/Vrtx9G9lEuM/default.jpg,PT1M,273623,13144,89,public
vE7Cy5csYbQ,Python in 2 Minutes!,"Get to know Python and why it's hated by C++ programmers! 

üîó Python tutorials 

https://youtu.be/kqtD5dpn9C8?si=Z9CtJNU1FStlnepW
https://youtu.be/_uQrJ0TkZlc?si=-mGZLOQn7YpLAlXJ

‚úã Stay connected

- Twitter: https://twitter.com/moshhamedani
- Facebook: https://www.facebook.com/programmingwithmosh/
- Instagram: https://www.instagram.com/codewithmosh.official/
- LinkedIn: https://www.linkedin.com/school/codewithmosh/

üìñ What's covered

00:00 - Why Python is so popular
00:10 - Applications of Python  
00:18 - Python ecosystem
00:34 - History of Python 
00:43 - Python interpreter 
00:52 - Hidden gems of Python 
01:01 - Basic Python syntax 
01:44 - What's with ""batteries included""

#python #programming #ai #coding",2024-04-12T13:01:00Z,"python for beginners, python, python programming, programming, python for everybody, python tutorial, programming with mosh, computer programming, python tips, python from scratch, python coding, what is python, python language, code with mosh, mosh hamedani",27,en,en,https://i.ytimg.com/vi/vE7Cy5csYbQ/default.jpg,PT1M59S,92784,2625,105,public
nzzPMc1X_gM,Mind-Blowing AI:  This Tool Clones Voices Perfectly!,#coding #chatgpt #ai,2024-04-10T13:15:03Z,"voice engine, openai, open ai, chatgpt, chat gpt, code with mosh, programming with mosh, mosh hamedani, artificial intelligence, coding, programming",27,en,en,https://i.ytimg.com/vi/nzzPMc1X_gM/default.jpg,PT25S,11931,424,12,public
27YP6n6pDh0,The FASTEST Way to Learn to Code & Get a Job,"Ready to change your life? Learn how ordinary people transformed their careers with coding and landed high-paying tech jobs in a year. Step-by-step system inside!

‚úã Stay connected

- Twitter: https://twitter.com/moshhamedani
- Facebook: https://www.facebook.com/programmingwithmosh/
- Instagram: https://www.instagram.com/codewithmosh.official/
- LinkedIn: https://www.linkedin.com/school/codewithmosh/

üìñ Chapters

00:05 - Meet people who transformed their lives with code
00:59 - The coding trap that's slowing you down
01:28 - Your dream tech job: how to choose
01:44 - The roadmap to your coding success
02:07 - The right way to learn coding
02:52 - How to practice
03:37 - How to impress employers
03:56 - How to prepare for interviews
05:00 - Your job search action plan

#codingjourney #learntocode #leetcode  #programming #coding #techinsider",2024-04-09T13:00:06Z,"how to learn to code, how to become a software engineer, software engineer, programming, computer science, big tech, day in the life of software engineer, leetcode, learn to code, learn to code for beginners, coding advice, coding mistakes, coding, coding for beginners, coding resources, code with mosh, programming with mosh, mosh hamedani, software engineering, web development",27,en,en,https://i.ytimg.com/vi/27YP6n6pDh0/default.jpg,PT5M48S,164679,7247,314,public
kJOqIaGwQ7Y,Top Programming Languages to Learn in 2024 (For High-paying Jobs),"Overwhelmed by endless programming languages? This video helps you pick the PERFECT language to kickstart your dream tech career in 2024.

#coding #programming #ai

üí° Related videos:
https://youtu.be/kqtD5dpn9C8?si=GdgBBCVDReYHx3nm
https://youtu.be/W6NZfCO5SIk?si=rjEsYx9yfQcibK8h
https://youtu.be/qz0aGYrrlhU?si=JKTdhlA32GsyQndQ
https://youtu.be/ZzaPdXTrSb8?si=2BtlsfELp4l2CJT4
https://youtu.be/gfkTfcpWqAY?si=_zROEA2Krj2JDXt5
https://youtu.be/eIrMbAQSU34?si=3zqgIuSB6_OaYCCG
https://youtu.be/XKkoVpupYdw?si=w6tFGrNn0wO9Qyeo
https://youtu.be/HXH4yu227EQ?si=gYjEJcoUICdUAKbd


‚úã Stay connected:
- Twitter: https://twitter.com/moshhamedani
- Facebook: https://www.facebook.com/programmingwithmosh/
- Instagram: https://www.instagram.com/codewithmosh.official/
- LinkedIn: https://www.linkedin.com/school/codewithmosh/


üìñ What's covered
00:00 Introduction
00:26 Is AI Replacing Coders?
00:45 The Hard Truth About Coding
01:24 Languages for Web Development
02:29 Languages for Mobile Development
03:43 Languages for Game Development
04:10 Languages for Embedded Systems
04:50 Languages for AI & Machine Learning",2024-04-02T13:00:50Z,"best programming languages, how to learn coding, programming, python, c++, javascript, how to code, programming with mosh, code with mosh, mosh hamedani, ranking programming languages, web development, game development, mobile development, embedded systems, ai, machine learning",27,en,en,https://i.ytimg.com/vi/kJOqIaGwQ7Y/default.jpg,PT5M32S,523541,16804,1389,public
E9BXvDElDlw,VSCode Trick: Stop Wasting Time Finding Files,#vscode #coding #programming,2024-03-27T14:00:49Z,"vscode, tutorial vscode, vs code, programming, vscode web developer, software developer tools, learn vscode in 6 minutes, coding, programming with mosh, mosh hamedani, code with mosh",27,en,en,https://i.ytimg.com/vi/E9BXvDElDlw/default.jpg,PT55S,22104,1138,12,public
-mA2HV1f4Go,Endless YouTube Tutorials Are Wasting Your Time,#coding #programming,2024-03-26T14:00:32Z,,27,en,en,https://i.ytimg.com/vi/-mA2HV1f4Go/default.jpg,PT59S,14789,813,18,public
